algo1,algo2,method,gamma_pref,treatment_percentage,TUR_algo_1,TUR_algo_2,TE,Percentage_TE
Item,Item,Ref,1.0,0.0,[0.4522632  0.38357146 0.52200113],[0.45189342 0.37656691 0.52070858],[ 0.00036978 -0.08235544  0.07451837  0.00160151],[-0.00300834 -0.19628647  0.15579351  0.0081475 ]
User,User,Ref,1.0,0.0,[0.09890271 0.06956845 0.15099601],[0.09824968 0.0700441  0.14087868],[ 0.00065303 -0.02298073  0.02522869  0.00015125],[-0.00172387 -0.25545871  0.21948807  0.01530416]
Random,Random,Ref,1.0,0.0,[0.47221004 0.45811921 0.48632778],[0.47270137 0.45799799 0.48768301],[-0.00049132 -0.0211757   0.0223773   0.00012344],[-0.00131505 -0.04608157  0.04598976  0.00054949]
Ideal,Ideal,Ref,1.0,0.0,[0.9994252 0.9984846 1.       ],[0.99941886 0.99844435 1.        ],[ 6.33846084e-06 -1.23515024e-03  1.41892103e-03  4.58408886e-07],[ 6.11788997e-06 -1.23667774e-03  1.41892780e-03  4.65922707e-07]
Item,Ideal,Naive,1.0,0.6,[0.95352557 0.9178504  0.97803743],[0.99944175 0.99861056 1.        ],[-0.04591619 -0.0818486  -0.02099431  0.000241  ],[-0.04847857 -0.08919328 -0.02147807  0.00035022]
Item,Random,Naive,1.0,0.6,[0.50312739 0.42702419 0.58022858],[0.47213526 0.45777778 0.48575927],[ 0.03099213 -0.04615905  0.11150785  0.00161774],[ 0.05561937 -0.10884616  0.19278118  0.00608848]
Item,User,Naive,1.0,0.6,[0.40246059 0.31936111 0.48503874],[0.28498833 0.17377173 0.39527282],[0.11747226 0.01472334 0.23044467 0.00302841],[0.2901359  0.03850222 0.54101001 0.01738445]
Ideal,Item,Naive,1.0,0.6,[0.99941084 0.99823171 1.        ],[0.93302484 0.87355775 0.96501124],[0.066386   0.03414728 0.12580499 0.00054672],[0.0664244  0.0341956  0.12588519 0.00055622]
Ideal,Random,Naive,1.0,0.6,[0.99941976 0.99824561 1.        ],[0.47227734 0.45925612 0.48542205],[5.2714243e-01 5.1377966e-01 5.4005426e-01 4.4926242e-05],[5.27448232e-01 5.14038856e-01 5.40493138e-01 4.58163204e-05]
Ideal,User,Naive,1.0,0.6,[0.99944342 0.9982716  1.        ],[0.6656544  0.3211629  0.88052087],[0.33378901 0.11900677 0.67775986 0.02031738],[0.33398182 0.11906215 0.67849073 0.0224374 ]
Random,Item,Naive,1.0,0.6,[0.47229646 0.45630962 0.48947619],[0.47734065 0.40670327 0.5427452 ],[-0.00504419 -0.07305883  0.06737809  0.00128348],[-0.01104502 -0.15594099  0.14041166  0.00583662]
Random,Ideal,Naive,1.0,0.6,[0.47236693 0.45497037 0.48970241],[0.99941582 0.99849276 1.        ],[-5.27048890e-01 -5.44193280e-01 -5.09717400e-01  7.73496917e-05],[-1.11651907 -1.19598533 -1.04080834  0.00160993]
Random,User,Naive,1.0,0.6,[0.47262588 0.45523677 0.48976796],[0.11271842 0.08169811 0.16378203],[0.35990746 0.30650756 0.39480034 0.00050732],[0.76147274 0.65015458 0.82720723 0.001935  ]
User,Ideal,Naive,1.0,0.6,[0.88825445 0.75465033 0.94848701],[0.99940208 0.99851824 1.        ],[-0.11114763 -0.24489234 -0.05096485  0.00244741],[-0.12987426 -0.32451111 -0.0537213   0.00638687]
User,Random,Naive,1.0,0.6,[0.13170065 0.09344697 0.19206349],[0.47202645 0.45838151 0.48539759],[-0.3403258  -0.38222222 -0.27708571  0.00071934],[-2.71064328 -4.06319774 -1.47037531  0.45773673]
User,Item,Naive,1.0,0.6,[0.36306071 0.25446919 0.467649  ],[0.42170969 0.3457327  0.49519263],[-0.05864898 -0.15959245  0.0271041   0.0022683 ],[-0.18222682 -0.55992545  0.06043912  0.02951989]
Item,Ideal,Split,1.0,0.6,[0.33614969 0.24390303 0.42948611],[0.99941999 0.9985422  1.        ],[-0.6632703  -0.75588046 -0.56996368  0.00224939],[-2.03642138 -3.09910363 -1.32708371  0.21292952]
Item,Random,Split,1.0,0.6,[0.33912358 0.2464851  0.43445894],[0.47239709 0.4598109  0.48606872],[-0.13327352 -0.22716714 -0.03707239  0.00235163],[-0.42380691 -0.92172897 -0.08619961  0.04770072]
Item,User,Split,1.0,0.6,[0.33509646 0.24243765 0.42435881],[0.10957504 0.06900127 0.18710166],[0.22552142 0.10407958 0.33618075 0.00350576],[0.66470483 0.38963173 0.82231158 0.01244609]
Ideal,Item,Split,1.0,0.6,[0.99939355 0.99824561 1.        ],[0.38775303 0.30275541 0.46342947],[0.61164052 0.53508691 0.69669127 0.00169955],[0.61201167 0.53578154 0.69705584 0.00162822]
Ideal,Random,Split,1.0,0.6,[0.99941788 0.99837398 1.        ],[0.47206703 0.45888034 0.48623217],[5.2735085e-01 5.1374010e-01 5.4073808e-01 4.7434072e-05],[5.27657810e-01 5.13751037e-01 5.40883854e-01 4.85398676e-05]
Ideal,User,Split,1.0,0.6,[0.99943973 0.99833333 1.        ],[0.10949028 0.06498898 0.18434689],[8.89949440e-01 8.15398480e-01 9.34275570e-01 9.19653434e-04],[0.89044806 0.81560493 0.93490436 0.00101441]
Random,Item,Split,1.0,0.6,[0.471791   0.45555556 0.48889706],[0.38742904 0.30460614 0.46508433],[0.08436196 0.00462656 0.1691374  0.00176123],[0.17857355 0.01001867 0.3568305  0.00764091]
Random,Ideal,Split,1.0,0.6,[0.47198568 0.45612007 0.48890071],[0.99942247 0.99858907 1.        ],[-5.27436790e-01 -5.43510550e-01 -5.10518630e-01  7.08342087e-05],[-1.11822169 -1.19158509 -1.04421745  0.00156562]
Random,User,Split,1.0,0.6,[0.47201428 0.45386297 0.48866384],[0.11243937 0.06555508 0.19678373],[0.35957492 0.26996904 0.41194748 0.00131182],[0.76172787 0.57645046 0.86144381 0.00530355]
User,Ideal,Split,1.0,0.6,[0.12627628 0.06457229 0.22055968],[0.9994031  0.99851852 1.        ],[-0.87312682 -0.93435336 -0.77857243  0.00157927],[ -7.77631036 -14.47031131  -3.52974711   8.3648976 ]
User,Random,Split,1.0,0.6,[0.12311882 0.06249053 0.21560979],[0.4721099  0.45918434 0.48571886],[-0.34899108 -0.41225379 -0.25812305  0.00154599],[-3.26026185 -6.51136263 -1.19356201  1.93115215]
User,Item,Split,1.0,0.6,[0.12401256 0.06553914 0.21060554],[0.38984852 0.30912143 0.4674157 ],[-0.26583595 -0.37516175 -0.13788769  0.00366377],[-2.48703916 -5.31980674 -0.67079132  1.51686519]
Item,Ideal,Cluster,1.0,0.6,[0.85454366 0.70020257 0.94882576],[0.99941963 0.9984127  1.        ],[-0.14487597 -0.29956986 -0.05006542  0.00405121],[-0.17814694 -0.42783318 -0.05272301  0.01110232]
Item,Random,Cluster,1.0,0.57,[0.52662962 0.41614374 0.61957672],[0.47263329 0.45900309 0.48581356],[ 0.05399633 -0.06090012  0.14991099  0.00289211],[ 0.09298822 -0.1470028   0.24135328  0.00968265]
Item,User,Cluster,1.0,0.58,[0.41991447 0.31108586 0.52393393],[0.24816587 0.14850345 0.3668766 ],[0.1717486  0.04653598 0.3001129  0.00418454],[0.40502894 0.12137147 0.6382275  0.01724829]
Ideal,Item,Cluster,1.0,0.61,[0.99942638 0.99777778 1.        ],[0.76416629 0.61649295 0.90391438],[0.23526009 0.0949021  0.38221857 0.00537216],[0.23540371 0.09501457 0.38265781 0.00595052]
Ideal,Random,Cluster,1.0,0.53,[0.99937607 0.99756923 1.        ],[0.47228867 0.45987929 0.48569304],[5.27087390e-01 5.13389560e-01 5.40001980e-01 4.60889277e-05],[5.27415562e-01 5.13919156e-01 5.40114624e-01 4.62227612e-05]
Ideal,User,Cluster,1.0,0.6,[0.99940066 0.99777778 1.        ],[0.51024819 0.20925373 0.76762781],[0.48915247 0.23223931 0.7906935  0.02029565],[0.48947096 0.23237219 0.79073926 0.02268984]
Random,Item,Cluster,1.0,0.64,[0.47144051 0.45444136 0.48836043],[0.49696588 0.39979605 0.57654122],[-0.02552537 -0.10782515  0.07240943  0.002114  ],[-0.0545659  -0.23070704  0.1531347   0.00974735]
Random,Ideal,Cluster,1.0,0.61,[0.47258763 0.45388782 0.4892162 ],[0.99939908 0.99833333 1.        ],[-5.26811450e-01 -5.45690300e-01 -5.10266450e-01  8.16618823e-05],[-1.11546519 -1.20204765 -1.04252095  0.00155285]
Random,User,Cluster,1.0,0.59,[0.47229881 0.45555556 0.48859719],[0.11704379 0.08203472 0.17187276],[0.35525502 0.29689396 0.39482022 0.00062406],[0.75202827 0.63409069 0.8264461  0.00256539]
User,Ideal,Cluster,1.0,0.62,[0.69441916 0.38826221 0.87437688],[0.99943112 0.99832285 1.        ],[-0.30501196 -0.60917719 -0.12491248  0.01526137],[-0.51144648 -1.56899817 -0.1427482   0.17358905]
User,Random,Cluster,1.0,0.55,[0.1389722  0.09240321 0.22328483],[0.47214307 0.4586765  0.48537456],[-0.33317088 -0.38173481 -0.24789592  0.00116572],[-2.58009028 -4.13956849 -1.09284829  0.61127304]
User,Item,Cluster,1.0,0.58,[0.30966834 0.18815969 0.43369886],[0.42560673 0.33653949 0.51209668],[-0.11593839 -0.24670133  0.01685689  0.00452044],[-0.4286314  -1.21615474  0.04121683  0.09978999]
Item,Ideal,User-corpus,1.0,0.6,[0.28547509 0.22376984 0.35003157],[0.98978219 0.98476659 0.99404886],[-0.7043071  -0.7659851  -0.63988552  0.00104984],[-2.51336277 -3.42169567 -1.83416285  0.16893668]
Item,Random,User-corpus,1.0,0.6,[0.28547509 0.22376984 0.35003157],[0.43849059 0.42302893 0.45354122],[-0.15301549 -0.21603223 -0.08578433  0.00113257],[-0.55660691 -0.96966421 -0.24356167  0.03430339]
Item,User,User-corpus,1.0,0.6,[0.28547509 0.22376984 0.35003157],[0.08990329 0.04807982 0.15816027],[0.1955718  0.10007774 0.2844205  0.00225159],[0.67883414 0.3971568  0.84086068 0.01376008]
Ideal,Item,User-corpus,1.0,0.6,[0.9732807  0.96014457 0.98450417],[0.36516184 0.29721369 0.43659295],[0.60811886 0.53508201 0.67463765 0.00126948],[0.62482733 0.55141735 0.69357525 0.00134224]
Ideal,Random,User-corpus,1.0,0.6,[0.9732807  0.96014457 0.98450417],[0.43849059 0.42302893 0.45354122],[5.34790119e-01 5.12644690e-01 5.56544155e-01 1.21302481e-04],[5.49441259e-01 5.31217310e-01 5.67887484e-01 8.27932997e-05]
Ideal,User,User-corpus,1.0,0.6,[0.9732807  0.96014457 0.98450417],[0.08990329 0.04807982 0.15816027],[8.83377412e-01 8.14157185e-01 9.27693956e-01 8.84995845e-04],[9.07630540e-01 8.37927477e-01 9.50756672e-01 9.04745262e-04]
Random,Item,User-corpus,1.0,0.6,[0.40024682 0.37744526 0.42037698],[0.36516184 0.29721369 0.43659295],[ 0.03508497 -0.0390651   0.10857618  0.00138715],[ 0.08703018 -0.10008999  0.26352982  0.00857101]
Random,Ideal,User-corpus,1.0,0.6,[0.40024682 0.37744526 0.42037698],[0.98978219 0.98476659 0.99404886],[-5.89535376e-01 -6.13899471e-01 -5.67600227e-01  1.35603996e-04],[-1.47479698 -1.62643814 -1.35257141  0.00477519]
Random,User,User-corpus,1.0,0.6,[0.40024682 0.37744526 0.42037698],[0.08990329 0.04807982 0.15816027],[0.31034352 0.23801796 0.36003526 0.00102029],[0.77507343 0.60213245 0.87970586 0.00549656]
User,Ideal,User-corpus,1.0,0.6,[0.07751266 0.03280962 0.14001254],[0.98978219 0.98476659 0.99404886],[-9.12269530e-01 -9.57123131e-01 -8.50902599e-01  7.45998439e-04],[-13.62829094 -29.157201    -6.06453137  36.16209524]
User,Random,User-corpus,1.0,0.6,[0.07751266 0.03280962 0.14001254],[0.43849059 0.42302893 0.45354122],[-0.36097792 -0.41123518 -0.29436624  0.0008511 ],[ -5.48565349 -12.40830182  -2.10126235   7.20646489]
User,Item,User-corpus,1.0,0.6,[0.07751266 0.03280962 0.14001254],[0.36516184 0.29721369 0.43659295],[-0.28764918 -0.38207153 -0.19306329  0.00237088],[ -4.43594587 -10.45921779  -1.50294604   5.89820474]
Item,Ideal,Naive,1.0,0.5,[0.94622947 0.90157946 0.9736463 ],[0.99945251 0.99844444 1.        ],[-0.05322304 -0.0977497  -0.02577171  0.00033715],[-0.05668432 -0.1083655  -0.02646895  0.00047869]
Item,Random,Naive,1.0,0.5,[0.48692672 0.41623358 0.55760566],[0.47230388 0.456275   0.48780944],[ 0.01462283 -0.05870238  0.08834409  0.00140714],[ 0.02414569 -0.1432253   0.16014823  0.00622149]
Item,User,Naive,1.0,0.5,[0.41167028 0.32833013 0.48851867],[0.32847406 0.22130902 0.43699909],[ 0.08319622 -0.01650669  0.18669507  0.00268709],[ 0.20052144 -0.03890018  0.43880572  0.01504155]
Ideal,Item,Naive,1.0,0.5,[0.99940898 0.99834515 1.        ],[0.94607181 0.89898827 0.97246377],[0.05333717 0.02713556 0.1004921  0.00035019],[0.05336801 0.0271529  0.10054943 0.00032394]
Ideal,Random,Naive,1.0,0.5,[0.99941817 0.99838339 1.        ],[0.47218899 0.4571751  0.48752848],[5.27229180e-01 5.12035030e-01 5.42345770e-01 5.97889525e-05],[5.27536007e-01 5.12256063e-01 5.42516444e-01 5.63546249e-05]
Ideal,User,Naive,1.0,0.5,[0.99945523 0.99844948 1.        ],[0.81111898 0.54356144 0.9242209 ],[0.18833625 0.07549599 0.45552088 0.00939836],[0.18844135 0.07553697 0.45593929 0.00883404]
Random,Item,Naive,1.0,0.5,[0.47245103 0.45832265 0.48744183],[0.48762244 0.41716423 0.55963126],[-0.01517141 -0.09053016  0.05815831  0.00143874],[-0.03244037 -0.19555593  0.12201436  0.0062192 ]
Random,Ideal,Naive,1.0,0.5,[0.47229979 0.45710594 0.48621444],[0.99942041 0.99837949 1.        ],[-5.2712062e-01 -5.4229298e-01 -5.1345620e-01  5.4115465e-05],[-1.11664613 -1.18701089 -1.05595826  0.00122147]
Random,User,Naive,1.0,0.5,[0.47264671 0.45752865 0.48774404],[0.12034272 0.08769854 0.17850324],[0.35230398 0.2947014  0.38736509 0.00055879],[0.74536516 0.62580112 0.81579016 0.00227755]
User,Ideal,Naive,1.0,0.5,[0.81706939 0.55957056 0.93356532],[0.99940446 0.99837963 1.        ],[-0.18233507 -0.43912038 -0.0662166   0.00904943],[-0.24595247 -0.78474534 -0.07092873  0.04049165]
User,Random,Naive,1.0,0.5,[0.12074685 0.08577705 0.17756165],[0.4722172  0.45798424 0.48683441],[-0.35147035 -0.39056203 -0.29128611  0.00064138],[-3.04618615 -4.53376938 -1.65890611  0.53425049]
User,Item,Naive,1.0,0.5,[0.32756457 0.21539464 0.44168009],[0.4124702  0.33095121 0.49087609],[-0.08490563 -0.18895208  0.01620602  0.00273908],[-0.29030574 -0.79629075  0.04071511  0.04843584]
Item,Ideal,Split,1.0,0.5,[0.36513136 0.27306973 0.44883987],[0.99942207 0.99844444 1.        ],[-0.63429071 -0.72634823 -0.55001233  0.00202353],[-1.78011149 -2.66116207 -1.22549101  0.13025734]
Item,Random,Split,1.0,0.5,[0.36739538 0.28030593 0.45464096],[0.47241136 0.45685931 0.48800085],[-0.10501598 -0.19372972 -0.0153229   0.00207134],[-0.30589075 -0.70116148 -0.03397397  0.02835435]
Item,User,Split,1.0,0.5,[0.36273702 0.2777551  0.44520158],[0.11592198 0.0653924  0.20208108],[0.24681505 0.11141559 0.35858214 0.00397564],[0.67322525 0.37765407 0.83480796 0.01389109]
Ideal,Item,Split,1.0,0.5,[0.99939232 0.99838373 1.        ],[0.36430091 0.28028848 0.44915123],[0.6350914  0.55040849 0.71906102 0.00185103],[0.63547824 0.55052445 0.71952661 0.00190617]
Ideal,Random,Split,1.0,0.5,[0.99941311 0.99850427 1.        ],[0.47207789 0.45694374 0.48802288],[5.27335220e-01 5.11524280e-01 5.42669150e-01 6.31249302e-05],[5.27644650e-01 5.11750565e-01 5.42931778e-01 5.99187593e-05]
Ideal,User,Split,1.0,0.5,[0.99944012 0.99853179 1.        ],[0.11444567 0.06538131 0.19937081],[0.88499445 0.79998887 0.9341673  0.00117164],[0.88549005 0.80050054 0.93458916 0.0012286 ]
Random,Item,Split,1.0,0.5,[0.47191485 0.45827145 0.48624717],[0.36357165 0.27821995 0.44934817],[0.10834321 0.01656627 0.192155   0.00200642],[0.2294145  0.03537853 0.40583117 0.00897023]
Random,Ideal,Split,1.0,0.5,[0.47193697 0.45681748 0.4866712 ],[0.99942669 0.99844444 1.        ],[-5.27489720e-01 -5.42692240e-01 -5.12705450e-01  5.85177774e-05],[-1.11827552 -1.18802104 -1.05310757  0.00119877]
Random,User,Split,1.0,0.5,[0.47206436 0.45579697 0.48670749],[0.11778886 0.06559524 0.20619065],[0.35427551 0.26554688 0.40796334 0.00131992],[0.75046807 0.56506452 0.85927527 0.00613379]
User,Ideal,Split,1.0,0.5,[0.1187687  0.06862473 0.20876911],[0.99940474 0.99841187 1.        ],[-0.88063604 -0.92979656 -0.78999437  0.00127191],[ -8.19419893 -13.54914485  -3.78405944   7.06588938]
User,Random,Split,1.0,0.5,[0.11578079 0.06337405 0.19958861],[0.47197785 0.4569161  0.48715065],[-0.35619705 -0.41007159 -0.27078658  0.00126252],[-3.46564651 -6.40455378 -1.34262663  1.74381938]
User,Item,Split,1.0,0.5,[0.11712049 0.06323333 0.20102789],[0.36561755 0.2785     0.44889216],[-0.24849706 -0.3582575  -0.116       0.00381929],[-2.44295964 -5.11324341 -0.60581428  1.43839053]
Item,Ideal,Cluster,1.0,0.49,[0.8159952  0.67643513 0.93030303],[0.99944044 0.99814815 1.        ],[-0.18344525 -0.32333196 -0.06908685  0.00420662],[-0.23511331 -0.47799417 -0.07426274  0.01337245]
Item,Random,Cluster,1.0,0.5,[0.51031578 0.40833056 0.5948904 ],[0.47258027 0.45729627 0.48785115],[ 0.03773552 -0.06611953  0.11947482  0.0022416 ],[ 0.06546918 -0.16266857  0.20266482  0.00869948]
Item,User,Cluster,1.0,0.48,[0.42468885 0.32041236 0.5183981 ],[0.2824828  0.16684384 0.40205152],[0.14220605 0.01845533 0.26572913 0.00397909],[0.33158396 0.04594809 0.58486175 0.01862419]
Ideal,Item,Cluster,1.0,0.47,[0.99941713 0.99807669 1.        ],[0.81111427 0.65368187 0.93152574],[0.18830286 0.06823962 0.34517784 0.00499107],[0.18841694 0.06825562 0.34553972 0.00580672]
Ideal,Random,Cluster,1.0,0.42,[0.99938439 0.99803773 1.        ],[0.47216129 0.45816245 0.48747056],[5.27223100e-01 5.12024030e-01 5.41526510e-01 5.66428263e-05],[5.27547030e-01 5.12277746e-01 5.41789690e-01 5.54434554e-05]
Ideal,User,Cluster,1.0,0.49,[0.99941702 0.99814815 1.        ],[0.60995353 0.28950198 0.83012042],[0.38946349 0.16903576 0.70991216 0.01903811],[0.38971111 0.16917853 0.71032845 0.02047073]
Random,Item,Cluster,1.0,0.5,[0.47152483 0.45777541 0.48540745],[0.51033717 0.40418239 0.59459709],[-0.03881234 -0.12703094  0.06814368  0.00247899],[-0.08269909 -0.27027784  0.14220799  0.01083813]
Random,Ideal,Cluster,1.0,0.5,[0.47250414 0.45704935 0.48767752],[0.9993925  0.99810875 1.        ],[-5.26888360e-01 -5.42479500e-01 -5.11519200e-01  6.23789681e-05],[-1.11564793e+00 -1.18571149e+00 -1.04862660e+00  1.17374916e-03]
Random,User,Cluster,1.0,0.5,[0.47219596 0.45663819 0.48571515],[0.12601278 0.08720845 0.20170703],[0.34618318 0.27046897 0.38990582 0.00092833],[0.73294462 0.57561042 0.81753894 0.00364294]
User,Ideal,Cluster,1.0,0.48,[0.6077919  0.28975556 0.82273965],[0.99941569 0.99814716 1.        ],[-0.39162379 -0.70890217 -0.17647153  0.0184482 ],[-0.77437074 -2.44655318 -0.21456863  0.35244521]
User,Random,Cluster,1.0,0.48,[0.12752594 0.0859515  0.20844136],[0.47196384 0.45794457 0.486326  ],[-0.3444379  -0.39012835 -0.26281629  0.00105479],[-2.88313517 -4.49043138 -1.27097954  0.67109838]
User,Item,Cluster,1.0,0.45,[0.27927163 0.16981459 0.39713014],[0.42181381 0.32296256 0.50961119],[-0.14254219 -0.2671003  -0.02409431  0.00384292],[-0.57127338 -1.45809062 -0.06835225  0.12330739]
Item,Ideal,User-corpus,1.0,0.5,[0.33105991 0.26311663 0.40021991],[0.98550329 0.97840306 0.99177831],[-0.65444337 -0.72001226 -0.5849258   0.00123384],[-2.01207949 -2.7219118  -1.45832898  0.11259507]
Item,Random,User-corpus,1.0,0.5,[0.33105991 0.26311663 0.40021991],[0.42286347 0.40634048 0.44137223],[-0.09180356 -0.16050588 -0.01773476  0.00137908],[-0.29274488 -0.59500647 -0.04386598  0.02236433]
Item,User,User-corpus,1.0,0.5,[0.33105991 0.26311663 0.40021991],[0.08485908 0.04057988 0.1473731 ],[0.24620083 0.14814474 0.33465604 0.0023327 ],[0.7392414  0.51868819 0.8855503  0.00913675]
Ideal,Item,User-corpus,1.0,0.5,[0.9847429  0.97758902 0.99116227],[0.32870511 0.26063988 0.39831111],[0.65603779 0.58703249 0.7240727  0.00120049],[0.66620668 0.59532753 0.73511358 0.00123864]
Ideal,Random,User-corpus,1.0,0.5,[0.9847429  0.97758902 0.99116227],[0.42286347 0.40634048 0.44137223],[5.61879421e-01 5.41329925e-01 5.81335147e-01 1.06327118e-04],[5.70571910e-01 5.51278315e-01 5.88569003e-01 9.05977915e-05]
Ideal,User,User-corpus,1.0,0.5,[0.9847429  0.97758902 0.99116227],[0.08485908 0.04057988 0.1473731 ],[8.99883813e-01 8.37536425e-01 9.44883504e-01 7.97635270e-04],[9.13828388e-01 8.50475148e-01 9.58868133e-01 8.15888798e-04]
Random,Item,User-corpus,1.0,0.5,[0.42215507 0.40369709 0.43965219],[0.32870511 0.26063988 0.39831111],[0.09344996 0.02173143 0.16331024 0.00131266],[0.22093465 0.05236677 0.38072691 0.00717202]
Random,Ideal,User-corpus,1.0,0.5,[0.42215507 0.40369709 0.43965219],[0.98550329 0.97840306 0.99177831],[-5.63348220e-01 -5.83602420e-01 -5.42435522e-01  1.08599346e-04],[-1.3355624  -1.44450065 -1.234716    0.00275051]
Random,User,User-corpus,1.0,0.5,[0.42215507 0.40369709 0.43965219],[0.08485908 0.04057988 0.1473731 ],[0.33729598 0.26761422 0.38675091 0.00092987],[0.7987316  0.64610032 0.90592259 0.00456281]
User,Ideal,User-corpus,1.0,0.5,[0.08347706 0.03999206 0.14730485],[0.98550329 0.97840306 0.99177831],[-9.02026223e-01 -9.45445088e-01 -8.38000000e-01  7.87708900e-04],[-12.22774343 -23.49773127  -5.68778933  21.93747537]
User,Random,User-corpus,1.0,0.5,[0.08347706 0.03999206 0.14730485],[0.42286347 0.40634048 0.44137223],[-0.33938641 -0.38839516 -0.26837076  0.00093982],[-4.68269963 -9.45055837 -1.84252577  4.16272143]
User,Item,User-corpus,1.0,0.5,[0.08347706 0.03999206 0.14730485],[0.32870511 0.26063988 0.39831111],[-0.24522804 -0.33951296 -0.15055989  0.00230876],[-3.44336871 -7.82134953 -1.09228149  3.09219812]
Item,Ideal,Naive,1.0,0.2,[0.83237725 0.6909901  0.92799299],[0.99943936 0.99777485 1.        ],[-0.16706211 -0.30831607 -0.07200701  0.00363403],[-0.20800381 -0.4461958  -0.07759435  0.00957369]
Item,Random,Naive,1.0,0.2,[0.46258339 0.39663359 0.52411924],[0.47226295 0.44721892 0.4966769 ],[-0.00967957 -0.07868877  0.05966762  0.00124574],[-0.02595503 -0.1983792   0.11523422  0.00607738]
Item,User,Naive,1.0,0.2,[0.4364349  0.36677449 0.502541  ],[0.41645389 0.30239476 0.53072872],[ 0.01998101 -0.0948429   0.1375789   0.00351546],[ 0.04317057 -0.2270675   0.29817422  0.01681576]
Ideal,Item,Naive,1.0,0.2,[0.99942476 0.99875    1.        ],[0.96007229 0.91851496 0.98810046],[0.03935247 0.01151049 0.08097524 0.00031402],[0.03937475 0.01151496 0.08101653 0.00034091]
Ideal,Random,Naive,1.0,0.2,[0.99941894 0.99873418 0.9998708 ],[0.47251976 0.44860928 0.49723319],[5.26899180e-01 5.01865000e-01 5.50739020e-01 1.55447589e-04],[5.27205264e-01 5.02453734e-01 5.51098165e-01 1.49247401e-04]
Ideal,User,Naive,1.0,0.2,[0.99945405 0.998765   1.        ],[0.93762956 0.87659298 0.9752193 ],[0.06182449 0.02423668 0.12273089 0.00063132],[0.06185764 0.02425493 0.12281392 0.00067571]
Random,Item,Naive,1.0,0.2,[0.47250752 0.46132571 0.48361458],[0.56893892 0.461093   0.67439394],[-0.0964314  -0.2009379   0.01069792  0.00291478],[-0.20433943 -0.42741661  0.02283972  0.01298551]
Random,Ideal,Naive,1.0,0.2,[0.47229945 0.46056877 0.48401374],[0.99942109 0.99761818 1.        ],[-5.27121640e-01 -5.38684520e-01 -5.15369520e-01  3.53751838e-05],[-1.11640922e+00 -1.16903274e+00 -1.06455088e+00  7.11405545e-04]
Random,User,Naive,1.0,0.2,[0.47252628 0.46168091 0.48347132],[0.17582457 0.12028672 0.24917493],[0.29670172 0.21975381 0.35229722 0.00114326],[0.62787684 0.46739068 0.74406508 0.00498663]
User,Ideal,Naive,1.0,0.2,[0.26807729 0.11479828 0.56760276],[0.99939102 0.99747378 1.        ],[-0.73131373 -0.88446263 -0.43188137  0.01332972],[-3.5355312  -7.71063479 -0.76088833  3.95120408]
User,Random,Naive,1.0,0.2,[0.10334488 0.07566662 0.15110448],[0.47221372 0.44676901 0.49806965],[-0.36886883 -0.40855938 -0.31517185  0.00056755],[-3.70071898 -5.33428918 -2.08491811  0.60363799]
User,Item,Naive,1.0,0.2,[0.18151724 0.10227242 0.29345602],[0.39071574 0.27404167 0.50343599],[-0.2091985  -0.34408231 -0.09228229  0.0041261 ],[-1.30168417 -2.9374057  -0.34208637  0.4549089 ]
Item,Ideal,Split,1.0,0.2,[0.4252976  0.34984206 0.48863051],[0.99941162 0.9975832  1.        ],[-0.57411402 -0.64953194 -0.51069114  0.00125448],[-1.36724153 -1.85773762 -1.04516924  0.04344515]
Item,Random,Split,1.0,0.2,[0.4257513  0.35820432 0.49096263],[0.4726341  0.44690236 0.49766082],[-0.0468828  -0.12234476  0.02294478  0.00137371],[-0.11771652 -0.33453072  0.04800949  0.00971822]
Item,User,Split,1.0,0.2,[0.42389206 0.34864588 0.48697649],[0.14366358 0.0617284  0.24506614],[0.28022848 0.13480687 0.38779112 0.004165  ],[0.65715199 0.35322521 0.85696677 0.01716668]
Ideal,Item,Split,1.0,0.2,[0.99939802 0.99874932 0.99986776],[0.27153118 0.16961869 0.38396044],[0.72786685 0.61523263 0.82967976 0.00299274],[0.72830611 0.61572949 0.83026832 0.00302783]
Ideal,Random,Split,1.0,0.2,[0.99940267 0.99868421 0.99986772],[0.47234659 0.44574819 0.4986125 ],[5.27056080e-01 5.01035910e-01 5.53840700e-01 1.81457326e-04],[5.27370952e-01 5.01190813e-01 5.54142508e-01 1.69675354e-04]
Ideal,User,Split,1.0,0.2,[0.99943771 0.99880952 1.        ],[0.13965108 0.06666667 0.24564518],[0.85978663 0.75354513 0.93292858 0.00209408],[0.86027044 0.75415578 0.93330634 0.0023349 ]
Random,Item,Split,1.0,0.2,[0.47218943 0.46081831 0.48313086],[0.27036329 0.17058279 0.38600725],[0.20182615 0.08258611 0.30350431 0.00317608],[0.42720596 0.17826355 0.63858134 0.01394694]
Random,Ideal,Split,1.0,0.2,[0.47205055 0.46073904 0.48416898],[0.99941675 0.99753086 1.        ],[-5.27366210e-01 -5.38866940e-01 -5.15035000e-01  3.69612508e-05],[-1.11751033e+00 -1.16969421e+00 -1.06282452e+00  7.00715071e-04]
Random,User,Split,1.0,0.2,[0.47203535 0.46016158 0.48312249],[0.14288204 0.06797042 0.25837191],[0.3291533  0.2139705  0.40428724 0.00235712],[0.69729232 0.45911546 0.85444889 0.01111713]
User,Ideal,Split,1.0,0.2,[0.10239979 0.0692605  0.16120762],[0.99942182 0.99758454 1.        ],[-8.97022030e-01 -9.30576080e-01 -8.37490090e-01  5.63892749e-04],[ -9.19377519 -13.4246442   -5.19511017   4.06200711]
User,Random,Split,1.0,0.2,[0.10284963 0.06762069 0.16471666],[0.47206107 0.44794883 0.49736508],[-0.36921144 -0.4139875  -0.30534664  0.00076809],[-3.81745235 -6.03715662 -1.87146431  1.05943235]
User,Item,Split,1.0,0.2,[0.10404399 0.07041551 0.17032971],[0.27406322 0.1759232  0.39420021],[-0.17001923 -0.31025341 -0.05222309  0.00433281],[-1.77430488 -3.80035127 -0.36320361  0.75949998]
Item,Ideal,Cluster,1.0,0.16,[0.63424531 0.50325673 0.77724589],[0.9993799 0.9962963 1.       ],[-0.36513459 -0.49405937 -0.22166177  0.00482875],[-0.59623319 -0.98162093 -0.28524094  0.03320662]
Item,Random,Cluster,1.0,0.17,[0.47121331 0.38915945 0.53784616],[0.4720806  0.44611111 0.49814815],[-0.00086729 -0.08178725  0.06968199  0.00149306],[-0.00872996 -0.20330589  0.13012061  0.00804564]
Item,User,Cluster,1.0,0.15,[0.43765391 0.36175479 0.50609226],[0.37167091 0.22289931 0.51819949],[ 0.065983   -0.0843384   0.22078436  0.00605867],[ 0.14743737 -0.20194888  0.48164355  0.03162277]
Ideal,Item,Cluster,1.0,0.19,[0.99941803 0.99866049 1.        ],[0.90205842 0.72659465 0.9805787 ],[0.09735961 0.01850871 0.27251113 0.00419859],[0.09741417 0.01852563 0.27275491 0.00436069]
Ideal,Random,Cluster,1.0,0.15,[0.99940624 0.99861111 1.        ],[0.47196684 0.44733998 0.49630208],[5.27439400e-01 5.03195460e-01 5.52258090e-01 1.56649681e-04],[5.27751856e-01 5.03337675e-01 5.52413058e-01 1.65192940e-04]
Ideal,User,Cluster,1.0,0.17,[0.99942561 0.99868421 1.        ],[0.82190909 0.53343621 0.96143791],[0.17751653 0.03788706 0.46595496 0.01192486],[0.17762198 0.03791231 0.46623882 0.01090341]
Random,Item,Cluster,1.0,0.18,[0.47184403 0.46103711 0.48285665],[0.58078298 0.44509632 0.69200903],[-0.10893895 -0.22018148  0.03177652  0.00413128],[-0.23120828 -0.47075858  0.06821987  0.01959489]
Random,Ideal,Cluster,1.0,0.22,[0.47249734 0.46104234 0.48419038],[0.99938087 0.99649123 1.        ],[-5.2688353e-01 -5.3884137e-01 -5.1496531e-01  3.7098230e-05],[-1.11543658e+00 -1.16899821e+00 -1.06421599e+00  7.16186094e-04]
Random,User,Cluster,1.0,0.21,[0.4722139  0.46061793 0.48428662],[0.17832042 0.11060546 0.29261696],[0.29389348 0.17662097 0.3645793  0.00229906],[0.62215471 0.37735646 0.76538636 0.00994491]
User,Ideal,Cluster,1.0,0.24,[0.30360282 0.11095492 0.56948611],[0.99939621 0.99603175 1.        ],[-0.69579339 -0.88863985 -0.43051389  0.01365833],[-3.10383673 -8.00235192 -0.75596944  4.29618718]
User,Random,Cluster,1.0,0.25,[0.10572578 0.07594937 0.15924727],[0.47167559 0.44573439 0.49555556],[-0.36594981 -0.40568847 -0.3056589   0.00065116],[-3.61809243 -5.25086788 -1.90942669  0.69054817]
User,Item,Cluster,1.0,0.13,[0.17148933 0.09646512 0.27707431],[0.41887201 0.27315359 0.55707246],[-0.24738268 -0.39341476 -0.09982141  0.00560945],[-1.6054988  -3.49719601 -0.41649835  0.62379585]
Item,Ideal,User-corpus,1.0,0.2,[0.40810573 0.35672248 0.44777203],[0.85833857 0.80935119 0.88688889],[-0.45023284 -0.50886206 -0.38786988  0.00123644],[-1.11276202 -1.43149657 -0.89668527  0.02471082]
Item,Random,User-corpus,1.0,0.2,[0.42165451 0.37485134 0.48484659],[0.31553143 0.29901696 0.33399691],[0.10612307 0.05084499 0.16544889 0.00137202],[0.24646891 0.13501913 0.34122568 0.00473755]
Item,User,User-corpus,1.0,0.2,[0.43170448 0.38229449 0.46721251],[0.05153331 0.02071188 0.09464912],[0.38017117 0.33052062 0.43160402 0.00147266],[0.88008438 0.79139163 0.95288005 0.00277936]
Ideal,Item,User-corpus,1.0,0.2,[0.99633542 0.99489667 0.99727473],[0.14816117 0.11114181 0.18894444],[8.48174252e-01 8.07870495e-01 8.85694307e-01 5.58767638e-04],[8.51294175e-01 8.10449570e-01 8.88505323e-01 5.62490718e-04]
Ideal,Random,User-corpus,1.0,0.2,[0.99533858 0.99389416 0.99648401],[0.31125185 0.27854853 0.33085749],[6.84086735e-01 6.64268775e-01 7.17914643e-01 3.03349567e-04],[6.87283725e-01 6.67522040e-01 7.20461993e-01 2.96224340e-04]
Ideal,User,User-corpus,1.0,0.2,[0.9955424 0.9944642 0.9965946],[0.0545946  0.03573333 0.08235152],[9.40947802e-01 9.14099652e-01 9.59126886e-01 1.71356944e-04],[9.45166692e-01 9.17353758e-01 9.64082664e-01 1.83156069e-04]
Random,Item,User-corpus,1.0,0.2,[0.45874903 0.45165123 0.46844066],[0.15890136 0.11069444 0.22229446],[0.29984767 0.23727046 0.35463624 0.00150253],[0.65352496 0.516324   0.76196045 0.00690376]
Random,Ideal,User-corpus,1.0,0.2,[0.45678553 0.44839747 0.46434159],[0.84376879 0.8        0.88219444],[-0.38698326 -0.42643627 -0.34159984  0.0010692 ],[-0.84768884 -0.93732063 -0.7451766   0.00590301]
Random,User,User-corpus,1.0,0.2,[0.46206542 0.45166968 0.47151385],[0.05853283 0.03074074 0.09124215],[4.03532594e-01 3.67665724e-01 4.36683476e-01 4.24868807e-04],[0.87329542 0.80116854 0.93406166 0.00180354]
User,Ideal,User-corpus,1.0,0.2,[0.08909357 0.06471543 0.12535304],[0.83232591 0.76085839 0.88800926],[-0.74323233 -0.81954383 -0.66785606  0.00213652],[ -8.84461323 -12.66713361  -5.61710675   5.53427163]
User,Random,User-corpus,1.0,0.2,[0.08156607 0.05854041 0.10291889],[0.31862403 0.29134882 0.35460434],[-0.23705795 -0.28285746 -0.19414159  0.00067248],[-3.05116578 -4.79370649 -1.9498605   0.76501362]
User,Item,User-corpus,1.0,0.2,[0.09842174 0.07447901 0.11947412],[0.1555881  0.12800572 0.18703425],[-0.05716636 -0.09692583 -0.01497078  0.00090119],[-0.63821289 -1.26914686 -0.12965407  0.16157178]
Item,Ideal,Naive,1.0,0.4,[0.93313688 0.86237161 0.96578611],[0.99944887 0.9982906  1.        ],[-0.06631199 -0.13744655 -0.03346857  0.00070358],[-0.07193663 -0.1595154  -0.03466389  0.00098499]
Item,Random,Naive,1.0,0.4,[0.47448898 0.4021809  0.54257356],[0.47221654 0.45405074 0.49039143],[ 0.00227243 -0.07083438  0.07368889  0.00135926],[-0.00098155 -0.17579397  0.13502275  0.00636601]
Item,User,Naive,1.0,0.4,[0.41982112 0.33747069 0.49357467],[0.36324885 0.24984276 0.47207685],[ 0.05657228 -0.03740115  0.1583232   0.00249297],[ 0.13329369 -0.09372747  0.37230063  0.01440214]
Ideal,Item,Naive,1.0,0.4,[0.99941874 0.99852914 1.        ],[0.95279811 0.91627907 0.97778455],[0.04662064 0.02127911 0.08295229 0.00024753],[0.04664711 0.02129903 0.08301638 0.00025752]
Ideal,Random,Naive,1.0,0.4,[0.9994169  0.99853215 1.        ],[0.47227147 0.45524921 0.48923009],[5.27145430e-01 5.10067950e-01 5.44423220e-01 7.68094399e-05],[5.27452884e-01 5.10373409e-01 5.44666059e-01 7.25376348e-05]
Ideal,User,Naive,1.0,0.4,[0.99945925 0.9986354  1.        ],[0.88658313 0.75960967 0.95016207],[0.11287612 0.04917705 0.23911111 0.00234765],[0.11293702 0.04919506 0.23941732 0.0025785 ]
Random,Item,Naive,1.0,0.4,[0.47247416 0.45932215 0.48539609],[0.50363822 0.42528181 0.5777862 ],[-0.03116406 -0.10868162  0.05074116  0.00165397],[-0.06622847 -0.23281234  0.1064656   0.00739599]
Random,Ideal,Naive,1.0,0.4,[0.47234006 0.45854303 0.48587751],[0.99942017 0.99824528 1.        ],[-5.27080110e-01 -5.41071070e-01 -5.13306580e-01  5.01657451e-05],[-1.11637993e+00 -1.17971525e+00 -1.05669506e+00  1.04043548e-03]
Random,User,Naive,1.0,0.4,[0.47264927 0.45844391 0.48545566],[0.13233883 0.09406439 0.19640564],[0.34031044 0.27393607 0.38260923 0.00076855],[0.71997732 0.58485675 0.80133574 0.00317726]
User,Ideal,Naive,1.0,0.4,[0.6705517  0.33016327 0.88828704],[0.9994059  0.99814815 1.        ],[-0.3288542  -0.66845805 -0.11123061  0.02020658],[-0.59890145 -2.02463364 -0.12521923  0.27123798]
User,Random,Naive,1.0,0.4,[0.11255198 0.08120929 0.16368728],[0.47222476 0.45505021 0.48856275],[-0.35967278 -0.3956722  -0.30188092  0.00057247],[-3.33180281 -4.85347701 -1.82362636  0.56754198]
User,Item,Naive,1.0,0.4,[0.28716516 0.18174045 0.40151766],[0.40423334 0.31637142 0.48917361],[-0.11706818 -0.22529365 -0.01743067  0.00281179],[-0.45476785 -1.11453669 -0.04200416  0.08382234]
Item,Ideal,Split,1.0,0.4,[0.38963253 0.30514214 0.46706218],[0.99941417 0.9981982  1.        ],[-0.60978164 -0.69450975 -0.53263555  0.00170523],[-1.59330524 -2.27626344 -1.1403857   0.07884284]
Item,Random,Split,1.0,0.4,[0.39005205 0.30387548 0.46736207],[0.47234441 0.45408382 0.48970241],[-0.08229236 -0.17046672 -0.00397969  0.0018038 ],[-0.22586322 -0.56288893 -0.00862514  0.02025247]
Item,User,Split,1.0,0.4,[0.38670224 0.30514994 0.46711027],[0.12333127 0.0643397  0.21866531],[0.26337097 0.13583018 0.36949705 0.00355322],[0.67569207 0.39314795 0.84103539 0.01372835]
Ideal,Item,Split,1.0,0.4,[0.99939315 0.99851852 1.        ],[0.33533176 0.24221505 0.43122302],[0.66406139 0.56816377 0.7572735  0.00232732],[0.66446556 0.56851239 0.75773774 0.00236716]
Ideal,Random,Split,1.0,0.4,[0.99940664 0.99853242 1.        ],[0.47211729 0.45436481 0.4893952 ],[5.27289350e-01 5.10172240e-01 5.45297600e-01 8.02914746e-05],[5.27602149e-01 5.10599571e-01 5.45487310e-01 7.94736000e-05]
Ideal,User,Split,1.0,0.4,[0.99943953 0.99863194 1.        ],[0.12015473 0.06348099 0.21149898],[0.8792848  0.78715771 0.93617546 0.00144512],[0.879778   0.7882158  0.93648602 0.00156749]
Random,Item,Split,1.0,0.4,[0.47207945 0.45875992 0.48506679],[0.33577719 0.24442308 0.434063  ],[0.13630226 0.03855548 0.22846233 0.00234698],[0.28855724 0.08439203 0.48173378 0.01075564]
Random,Ideal,Split,1.0,0.4,[0.47207172 0.45808584 0.48607771],[0.99942227 0.99829012 1.        ],[-5.27350560e-01 -5.41229930e-01 -5.13230540e-01  5.10181852e-05],[-1.11754951e+00 -1.18131948e+00 -1.05671920e+00  9.58664809e-04]
Random,User,Split,1.0,0.4,[0.47215959 0.45852691 0.48550003],[0.12439121 0.06395437 0.22819148],[0.34776838 0.24483456 0.41042464 0.00178442],[0.73652539 0.51946302 0.86391918 0.00744555]
User,Ideal,Split,1.0,0.4,[0.11196927 0.06872058 0.19475673],[0.99940905 0.99824528 1.        ],[-0.88743978 -0.93053831 -0.80496985  0.0010261 ],[ -8.60475478 -13.53775031  -4.13320744   6.18648569]
User,Random,Split,1.0,0.4,[0.11074047 0.06703689 0.19379683],[0.47198886 0.45469444 0.48943236],[-0.36124839 -0.4087552  -0.28312015  0.00102719],[-3.57060232 -6.08970207 -1.46092178  1.36699138]
User,Item,Split,1.0,0.4,[0.11165283 0.06487085 0.19570243],[0.33819645 0.24205263 0.43071704],[-0.22654362 -0.34770053 -0.1058447   0.00380663],[-2.2932566  -4.96012855 -0.61706119  1.22062284]
Item,Ideal,Cluster,1.0,0.43,[0.76385122 0.60902685 0.90468293],[0.99941498 0.99771964 1.        ],[-0.23556376 -0.39067257 -0.095137    0.00568391],[-0.32216625 -0.64193421 -0.10514042  0.01898094]
Item,Random,Cluster,1.0,0.36,[0.49636316 0.40654266 0.5761911 ],[0.47226596 0.45522401 0.48981692],[ 0.02409721 -0.06605946  0.10442115  0.00189138],[ 0.04065354 -0.16354539  0.18283358  0.00836145]
Item,User,Cluster,1.0,0.37,[0.42827297 0.3374497  0.51182828],[0.31461391 0.19131436 0.43778184],[ 0.11365906 -0.00774455  0.25460565  0.0044791 ],[ 0.2621295  -0.01768789  0.54197631  0.02068422]
Ideal,Item,Cluster,1.0,0.36,[0.9994118  0.99830508 1.        ],[0.85119423 0.69043104 0.95285285],[0.14821757 0.04650567 0.30900296 0.00448412],[0.14830553 0.04653435 0.30917795 0.00541547]
Ideal,Random,Cluster,1.0,0.31,[0.99938278 0.99827586 1.        ],[0.47214104 0.45498575 0.48863091],[5.27241740e-01 5.10919710e-01 5.44454830e-01 7.31859299e-05],[5.27566562e-01 5.11251992e-01 5.44766743e-01 7.23505092e-05]
Ideal,User,Cluster,1.0,0.39,[0.99943896 0.99838702 1.        ],[0.69699427 0.37656476 0.87807104],[0.30244469 0.12138476 0.62197176 0.01630749],[0.30262616 0.12144663 0.62288325 0.01600266]
Random,Item,Cluster,1.0,0.41,[0.47170348 0.45901573 0.48403631],[0.53128347 0.41987971 0.62012282],[-0.05957999 -0.15053391  0.05277308  0.00268988],[-0.12656905 -0.32176846  0.11119618  0.01192137]
Random,Ideal,Cluster,1.0,0.36,[0.47242847 0.45878772 0.48577054],[0.99939848 0.99783951 1.        ],[-5.26970010e-01 -5.40678220e-01 -5.13423360e-01  4.83410163e-05],[-1.11590940e+00 -1.17852074e+00 -1.05721577e+00  9.84258816e-04]
Random,User,Cluster,1.0,0.4,[0.47207824 0.45784656 0.48483285],[0.13887443 0.09205865 0.22396589],[0.33320382 0.24908521 0.38356722 0.00117695],[0.70566923 0.52436366 0.80704755 0.00495731]
User,Ideal,Cluster,1.0,0.41,[0.51364059 0.21072475 0.77257843],[0.99941778 0.99758416 1.        ],[-0.48577719 -0.78793468 -0.22741526  0.02044604],[-1.19355752 -3.7390569  -0.29435896  0.83603553]
User,Random,Cluster,1.0,0.42,[0.1185558  0.08221648 0.18295077],[0.47187352 0.4549127  0.48796579],[-0.35331772 -0.39535484 -0.28929151  0.00073208],[-3.14669024 -4.71197337 -1.59833036  0.65112857]
User,Item,Cluster,1.0,0.34,[0.24397938 0.14083936 0.3572617 ],[0.41900691 0.30770062 0.51283103],[-0.17502752 -0.30661767 -0.05639687  0.0040745 ],[-0.80151561 -2.06558478 -0.18280418  0.21030873]
Item,Ideal,User-corpus,1.0,0.4,[0.3653283  0.29770219 0.43691303],[0.97393611 0.96096774 0.98498536],[-0.60860781 -0.67456669 -0.53546751  0.00125156],[-1.69160206 -2.27190156 -1.22787433  0.07104354]
Item,Random,User-corpus,1.0,0.4,[0.3653283  0.29770219 0.43691303],[0.40068338 0.3798713  0.42195139],[-0.03535508 -0.10450783  0.03864315  0.00142017],[-0.10756243 -0.34886004  0.09154725  0.01340052]
Item,User,User-corpus,1.0,0.4,[0.3653283  0.29770219 0.43691303],[0.07690742 0.0358755  0.13553006],[0.28842088 0.19606662 0.37875151 0.0022022 ],[0.78629823 0.61116346 0.90896599 0.00582321]
Ideal,Item,User-corpus,1.0,0.4,[0.98956261 0.98449054 0.99396839],[0.28299411 0.21920134 0.3484865 ],[0.7065685  0.64153913 0.77083667 0.00108667],[0.71402334 0.64853969 0.77879135 0.00111054]
Ideal,Random,User-corpus,1.0,0.4,[0.98956261 0.98449054 0.99396839],[0.40068338 0.3798713  0.42195139],[5.88879231e-01 5.66967695e-01 6.11481835e-01 1.34251144e-04],[5.95082287e-01 5.73049063e-01 6.16828858e-01 1.25417874e-04]
Ideal,User,User-corpus,1.0,0.4,[0.98956261 0.98449054 0.99396839],[0.07690742 0.0358755  0.13553006],[9.12655194e-01 8.52989473e-01 9.53893224e-01 6.34363176e-04],[9.22283618e-01 8.62893325e-01 9.63842832e-01 6.47165608e-04]
Random,Item,User-corpus,1.0,0.4,[0.43834436 0.42358674 0.45389224],[0.28299411 0.21920134 0.3484865 ],[0.15535024 0.0843378  0.22335758 0.00119979],[0.35406785 0.19260001 0.5056451  0.00599264]
Random,Ideal,User-corpus,1.0,0.4,[0.43834436 0.42358674 0.45389224],[0.97393611 0.96096774 0.98498536],[-5.35591751e-01 -5.57047738e-01 -5.12762020e-01  1.16746719e-04],[-1.22258018 -1.31346479 -1.1372593   0.00194057]
Random,User,User-corpus,1.0,0.4,[0.43834436 0.42358674 0.45389224],[0.07690742 0.0358755  0.13553006],[0.36143694 0.29805164 0.40829253 0.00072812],[0.82440292 0.68624465 0.91805488 0.00335215]
User,Ideal,User-corpus,1.0,0.4,[0.08823059 0.04739947 0.14725198],[0.97393611 0.96096774 0.98498536],[-8.85705513e-01 -9.27935889e-01 -8.25180135e-01  7.25044589e-04],[-11.08566082 -19.58923709  -5.61447901  13.8586232 ]
User,Random,User-corpus,1.0,0.4,[0.08823059 0.04739947 0.14725198],[0.40068338 0.3798713  0.42195139],[-0.31245279 -0.36276506 -0.24643978  0.00086585],[-3.97517512 -7.47872959 -1.68144589  2.40623578]
User,Item,User-corpus,1.0,0.4,[0.08823059 0.04739947 0.14725198],[0.28299411 0.21920134 0.3484865 ],[-0.19476352 -0.27795859 -0.10775746  0.00204962],[-2.53168024 -5.40123286 -0.78656604  1.537653  ]
Item,Ideal,Naive,1.0,0.8,[0.96109286 0.91829635 0.98819973],[0.99945161 0.99878049 1.        ],[-0.03835875 -0.08064822 -0.01101357  0.00031556],[-0.04030166 -0.08782429 -0.01114282  0.00041394]
Item,Random,Naive,1.0,0.8,[0.56687812 0.46304473 0.67334343],[0.47231769 0.46049232 0.48416844],[ 0.09456043 -0.0128317   0.19944744  0.00293253],[ 0.15966015 -0.02795617  0.29795723  0.00634862]
Item,User,Naive,1.0,0.8,[0.39201791 0.27776144 0.51243634],[0.17999359 0.09877266 0.29467773],[0.21202432 0.09013078 0.34671055 0.00428423],[0.53594076 0.27518562 0.75052897 0.01621881]
Ideal,Item,Naive,1.0,0.8,[0.99937518 0.99738562 1.        ],[0.83203719 0.69578467 0.92696918],[0.16733798 0.07040075 0.30421533 0.00355771],[0.1674425  0.07046262 0.30421533 0.00359871]
Ideal,Random,Naive,1.0,0.8,[0.99940517 0.99747378 1.        ],[0.47229545 0.46097553 0.48285979],[5.27109720e-01 5.16387880e-01 5.38463960e-01 3.17155162e-05],[5.27423152e-01 5.16946206e-01 5.38726226e-01 3.18429234e-05]
Ideal,User,Naive,1.0,0.8,[0.9994268  0.99752946 1.        ],[0.26596004 0.11047642 0.53222944],[0.73346676 0.46681646 0.88901122 0.01159988],[0.73388989 0.4672623  0.88952304 0.01352193]
Random,Item,Naive,1.0,0.8,[0.47211154 0.4481401  0.49824781],[0.45991068 0.39435204 0.52559934],[ 0.01220086 -0.06248589  0.08556273  0.00142638],[ 0.02501568 -0.13790208  0.17585169  0.00610537]
Random,Ideal,Naive,1.0,0.8,[0.47237308 0.446458   0.49766374],[0.9994199  0.99874995 0.99987243],[-5.27046820e-01 -5.52683080e-01 -5.01553570e-01  1.70126171e-04],[-1.11742597 -1.23792853 -1.00753201  0.00359258]
Random,User,Naive,1.0,0.8,[0.47262914 0.44753086 0.49804194],[0.10326679 0.0741563  0.15225939],[0.36936235 0.31874133 0.41128836 0.00055738],[0.78139583 0.68101242 0.84289668 0.00164442]
User,Ideal,Naive,1.0,0.8,[0.93738879 0.87776749 0.97677156],[0.99940285 0.99868421 0.99987229],[-0.06201406 -0.12177609 -0.02280851  0.0006374 ],[-0.06699121 -0.13873445 -0.02337055  0.00091532]
User,Random,Naive,1.0,0.8,[0.17652725 0.12116124 0.25202689],[0.47211451 0.45985103 0.48347402],[-0.29558726 -0.35173395 -0.21811487  0.00116189],[-1.76789097 -2.90634099 -0.86734824  0.26686965]
User,Item,Naive,1.0,0.8,[0.41656039 0.29996212 0.53090608],[0.43775713 0.37495681 0.49899868],[-0.02119675 -0.13806421  0.09365088  0.00349411],[-0.07021442 -0.44812273  0.17346716  0.02430288]
Item,Ideal,Split,1.0,0.8,[0.27423041 0.17058742 0.38439534],[0.99942503 0.99871753 1.        ],[-0.72519462 -0.82834021 -0.6146142   0.00297264],[-2.80217446 -4.8566946  -1.60019517  0.68353416]
Item,Random,Split,1.0,0.8,[0.27337951 0.16941886 0.39632222],[0.47238237 0.46152431 0.48389693],[-0.19900286 -0.30252487 -0.07124107  0.00348111],[-0.80615366 -1.79596943 -0.17929363  0.15916542]
Item,User,Split,1.0,0.8,[0.27373484 0.17017452 0.3951716 ],[0.10247959 0.06934121 0.16278692],[0.17125526 0.05705934 0.30282253 0.00393062],[0.60719659 0.29943341 0.79353628 0.01745652]
Ideal,Item,Split,1.0,0.8,[0.99942855 0.99766082 1.        ],[0.4255734  0.35552928 0.48944702],[0.57385514 0.50904167 0.6435935  0.00117817],[0.57418317 0.51012999 0.64415472 0.00126009]
Ideal,Random,Split,1.0,0.8,[0.99942013 0.99761905 1.        ],[0.47217158 0.46070277 0.48361188],[5.27248550e-01 5.15409610e-01 5.38610540e-01 3.50298803e-05],[5.27554181e-01 5.16029253e-01 5.39160264e-01 3.44731709e-05]
Ideal,User,Split,1.0,0.8,[0.99943834 0.99738484 1.        ],[0.10287016 0.06987521 0.16313867],[8.96568180e-01 8.35298540e-01 9.30124790e-01 5.85173996e-04],[8.97071586e-01 8.36576114e-01 9.30124790e-01 6.02057812e-04]
Random,Item,Split,1.0,0.8,[0.47139188 0.44721451 0.49597514],[0.42422229 0.35567432 0.49083735],[ 0.04716959 -0.02548787  0.12280737  0.00143114],[ 0.09937523 -0.05558948  0.25291132  0.00596363]
Random,Ideal,Split,1.0,0.8,[0.47220498 0.44657164 0.49546236],[0.99942842 0.99872274 0.99986772],[-5.2722344e-01 -5.5323777e-01 -5.0422994e-01  1.5629994e-04],[-1.11796297 -1.23892447 -1.01747582  0.0030912 ]
Random,User,Split,1.0,0.8,[0.47160342 0.4465518  0.49649958],[0.10279437 0.06964423 0.16448309],[0.36880905 0.30619669 0.40962384 0.00069614],[0.78194863 0.65290311 0.8532732  0.00267494]
User,Ideal,Split,1.0,0.8,[0.1415269  0.06110119 0.25130051],[0.99941636 0.99870784 0.99986776],[-0.85788946 -0.93852017 -0.74824606  0.00235606],[ -7.05430408 -15.36388205  -2.97749612  10.16116324]
User,Random,Split,1.0,0.8,[0.14047187 0.06234259 0.25907255],[0.47213392 0.4608317  0.48402158],[-0.33166204 -0.40995415 -0.21009915  0.00259931],[-2.81992372 -6.57166528 -0.80380248  2.20709582]
User,Item,Split,1.0,0.8,[0.14232414 0.06161171 0.25266002],[0.42418369 0.35499172 0.48915663],[-0.28185954 -0.39511967 -0.15266623  0.00382547],[-2.40431115 -5.90185651 -0.59676463  2.01863197]
Item,Ideal,Cluster,1.0,0.79,[0.90589294 0.73604167 0.97895081],[0.99941738 0.99871795 1.        ],[-0.09352444 -0.26279135 -0.02010791  0.00383273],[-0.10879449 -0.35703373 -0.02053752  0.0071753 ]
Item,Random,Cluster,1.0,0.76,[0.57498425 0.44444444 0.6918655 ],[0.47247781 0.46077623 0.48436214],[ 0.10250644 -0.02528857  0.22055414  0.00393317],[ 0.16725164 -0.05678628  0.3195708   0.01007967]
Item,User,Cluster,1.0,0.78,[0.42353205 0.27777778 0.56111772],[0.1751381  0.09750984 0.27301948],[0.24839396 0.10846836 0.39266191 0.00525601],[0.57853979 0.32666131 0.77650681 0.01321338]
Ideal,Item,Cluster,1.0,0.8,[0.99942189 0.99607843 1.        ],[0.6306476  0.49696845 0.77397792],[0.36877428 0.22602208 0.5018613  0.00495154],[0.36900691 0.22602208 0.50237201 0.00526429]
Ideal,Random,Cluster,1.0,0.76,[0.99936427 0.99607726 1.        ],[0.47241416 0.46145384 0.48407105],[5.26950100e-01 5.15076720e-01 5.37777780e-01 3.35366856e-05],[5.27284196e-01 5.15607967e-01 5.37900002e-01 3.38619167e-05]
Ideal,User,Cluster,1.0,0.78,[0.99938826 0.99646465 1.        ],[0.30092276 0.11188031 0.56932018],[0.69846549 0.43067982 0.8862608  0.013507  ],[0.69893513 0.43067982 0.88802572 0.01642296]
Random,Item,Cluster,1.0,0.83,[0.47163039 0.44700292 0.4957265 ],[0.47326183 0.39753465 0.53877993],[-0.00163144 -0.07227155  0.08003333  0.00150958],[-0.00424641 -0.15509682  0.16852533  0.00698224]
Random,Ideal,Cluster,1.0,0.78,[0.47211572 0.44655423 0.49583946],[0.99940703 0.99866653 1.        ],[-5.27291300e-01 -5.53169190e-01 -5.03547280e-01  1.60241433e-04],[-1.11838591 -1.23875551 -1.01560976  0.00324977]
Random,User,Cluster,1.0,0.78,[0.472194   0.44646316 0.49734949],[0.1055393  0.07661362 0.1551472 ],[0.3666547  0.30731672 0.40777307 0.00065672],[0.77626757 0.6640564  0.8401877  0.00190693]
User,Ideal,Cluster,1.0,0.82,[0.81935859 0.54574811 0.95557292],[0.99942155 0.99868421 1.        ],[-0.18006296 -0.45381358 -0.04386864  0.01093651],[-0.24541949 -0.83154578 -0.04590822  0.0466834 ]
User,Random,Cluster,1.0,0.79,[0.18017843 0.10932122 0.28891304],[0.47243354 0.46212985 0.4833435 ],[-0.29225512 -0.36630397 -0.18484028  0.00214293],[-1.79876332 -3.33994788 -0.640494    0.49708396]
User,Item,Cluster,1.0,0.81,[0.36583585 0.21698529 0.5222549 ],[0.43939511 0.36038194 0.50343621],[-0.07355926 -0.24000947  0.07880569  0.00661463],[-0.25615048 -1.06277553  0.15311655  0.08816427]
Item,Ideal,User-corpus,1.0,0.8,[0.15831095 0.11410213 0.19893333],[0.99541011 0.99364967 0.99695695],[-8.37099160e-01 -8.81721820e-01 -7.97503704e-01  5.99241905e-04],[-5.45758541 -7.85356485 -4.02799151  1.29127532]
Item,Random,User-corpus,1.0,0.8,[0.14924555 0.11578935 0.20622081],[0.46004108 0.4508287  0.47000848],[-0.31079553 -0.33883569 -0.25727496  0.000702  ],[-2.17825566 -2.92783021 -1.26924854  0.27039512]
Item,User,User-corpus,1.0,0.8,[0.15622204 0.12088288 0.19228189],[0.10691421 0.06657782 0.14630062],[ 0.04930783 -0.01996591  0.08936296  0.00138631],[ 0.29344391 -0.1711505   0.57177069  0.05551739]
Ideal,Item,User-corpus,1.0,0.8,[0.85447115 0.77297454 0.90809626],[0.39208074 0.31852283 0.44955333],[0.46239042 0.37974382 0.54691877 0.00243874],[0.54056786 0.48090355 0.62663659 0.00188935]
Ideal,Random,User-corpus,1.0,0.8,[0.84963417 0.76594444 0.90995883],[0.45819874 0.45128513 0.46779287],[0.39143542 0.30483987 0.45290977 0.00244054],[0.45883997 0.39797443 0.49772065 0.00112106]
Ideal,User,User-corpus,1.0,0.8,[0.84097663 0.77614583 0.91046275],[0.09299865 0.06935867 0.14532204],[0.74797799 0.69093948 0.82220262 0.00175324],[8.89596176e-01 8.38355661e-01 9.21954626e-01 6.86207967e-04]
Random,Item,User-corpus,1.0,0.8,[0.30978211 0.28857323 0.33720411],[0.40894162 0.35741052 0.4488125 ],[-0.0991595  -0.14919083 -0.04082877  0.00127157],[-0.32380368 -0.498647   -0.12759675  0.01509034]
Random,Ideal,User-corpus,1.0,0.8,[0.3152112  0.28931691 0.32926731],[0.99628001 0.99441231 0.99738701],[-6.81068817e-01 -7.08070105e-01 -6.65144998e-01  1.88346110e-04],[-2.16646731 -2.44850807 -2.02008997  0.0194183 ]
Random,User,User-corpus,1.0,0.8,[0.31639504 0.29069717 0.34067747],[0.09427138 0.07125374 0.17041655],[0.22212366 0.13576069 0.2645639  0.00159932],[0.70033251 0.45030836 0.78309872 0.01256437]
User,Ideal,User-corpus,1.0,0.8,[0.05394124 0.02041138 0.09554855],[0.99583514 0.99417748 0.99671826],[-9.41893905e-01 -9.76066341e-01 -9.01034835e-01  4.52988222e-04],[-22.63198815 -60.31776716  -9.72220895 279.03340512]
User,Random,User-corpus,1.0,0.8,[0.05119699 0.02008715 0.10679656],[0.45807387 0.44836253 0.46895597],[-0.40687689 -0.44540764 -0.34306877  0.00095632],[-10.31716902 -22.61664431  -3.63026822  33.81261359]
User,Item,User-corpus,1.0,0.8,[0.05455949 0.01620866 0.09873264],[0.41052155 0.36253803 0.46321886],[-0.35596206 -0.42245241 -0.2989294   0.00162989],[ -9.74713214 -29.30792193  -3.28761024  76.3550617 ]
Item,Ideal,Naive,1.0,0.7,[0.9576692  0.92082176 0.98210185],[0.99944807 0.9987297  1.        ],[-0.04177887 -0.07912563 -0.01734651  0.00024838],[-0.04392765 -0.08592446 -0.01766231  0.00032098]
Item,Random,Naive,1.0,0.7,[0.52668749 0.43677622 0.61934414],[0.47217637 0.45930713 0.4849944 ],[ 0.05451112 -0.0339679   0.14758778  0.0021451 ],[ 0.09664724 -0.07729734  0.23817965  0.00663013]
Item,User,Naive,1.0,0.7,[0.39585613 0.29219817 0.48856061],[0.23327058 0.12238298 0.34704277],[0.16258555 0.05792632 0.28481055 0.00334994],[0.40864688 0.16082691 0.67308669 0.01777255]
Ideal,Item,Naive,1.0,0.7,[0.999401   0.99797913 1.        ],[0.90061408 0.8034381  0.95185693],[0.09878693 0.04730217 0.1965619  0.00144982],[0.0988459  0.04738537 0.1965619  0.00157526]
Ideal,Random,Naive,1.0,0.7,[0.99940672 0.99794239 1.        ],[0.47231011 0.46012669 0.48390432],[5.27096610e-01 5.15255290e-01 5.39197030e-01 3.73026157e-05],[5.27409310e-01 5.15692927e-01 5.39554276e-01 3.80127740e-05]
Ideal,User,Naive,1.0,0.7,[0.99943718 0.99806634 1.        ],[0.46605182 0.17100595 0.77651759],[0.53338535 0.2224256  0.826726   0.02376477],[0.53368878 0.22266092 0.82860522 0.02638687]
Random,Item,Naive,1.0,0.7,[0.47219139 0.45221784 0.49236269],[0.46742817 0.3985552  0.53316784],[ 0.00476322 -0.06433939  0.07436276  0.00125197],[ 0.00956818 -0.13600835  0.15316069  0.00578753]
Random,Ideal,Naive,1.0,0.7,[0.47256677 0.45095706 0.49215221],[0.99942093 0.99863014 1.        ],[-5.2685416e-01 -5.4841817e-01 -5.0727429e-01  1.1016366e-04],[-1.11595309 -1.21578195 -1.03074024  0.00228335]
Random,User,Naive,1.0,0.7,[0.47229159 0.45185185 0.49166667],[0.10730945 0.07743333 0.15542612],[0.36498214 0.31408601 0.40109198 0.00049264],[0.77269968 0.66991019 0.83481269 0.00181541]
User,Ideal,Naive,1.0,0.7,[0.92181314 0.84533088 0.9657005 ],[0.99939555 0.99859155 1.        ],[-0.0775824  -0.15400869 -0.03379566  0.00094044],[-0.085465   -0.18218811 -0.03499602  0.00149402]
User,Random,Naive,1.0,0.7,[0.14938428 0.10555556 0.21483333],[0.47205197 0.45935976 0.48412751],[-0.32266769 -0.36989699 -0.25586516  0.00084621],[-2.27165104 -3.43921172 -1.1834354   0.36707572]
User,Item,Naive,1.0,0.7,[0.39309966 0.28112013 0.50296296],[0.43110539 0.35902438 0.49520497],[-0.03800573 -0.13632981  0.05772863  0.00245072],[-0.11394219 -0.45295398  0.11742562  0.02289975]
Item,Ideal,Split,1.0,0.7,[0.30778779 0.21275253 0.40653031],[0.99941852 0.99865308 1.        ],[-0.69163073 -0.78642268 -0.59254578  0.00244613],[-2.33982845 -3.69642733 -1.4575686   0.34031765]
Item,Random,Split,1.0,0.7,[0.3069473  0.21530261 0.41450625],[0.47243571 0.46022307 0.48485288],[-0.16548841 -0.25889496 -0.05758274  0.00263735],[-0.58476663 -1.20129224 -0.13939869  0.07782704]
Item,User,Split,1.0,0.7,[0.30317456 0.20459843 0.4044623 ],[0.10616289 0.06884812 0.18466745],[0.19701167 0.07671001 0.31581211 0.00372044],[0.63734387 0.31267796 0.79873626 0.01536454]
Ideal,Item,Split,1.0,0.7,[0.99939954 0.99794174 1.        ],[0.41009616 0.33345379 0.47875139],[0.58930338 0.52015459 0.6665134  0.00139401],[0.58965706 0.52072428 0.66652886 0.00142185]
Ideal,Random,Split,1.0,0.7,[0.99940771 0.99800505 1.        ],[0.47205389 0.45999854 0.48518769],[5.27353830e-01 5.14713880e-01 5.39634130e-01 4.04140762e-05],[5.27666057e-01 5.14796738e-01 5.39803299e-01 4.15092605e-05]
Ideal,User,Split,1.0,0.7,[0.99943342 0.99806692 1.        ],[0.10635328 0.06701303 0.17849599],[8.93080140e-01 8.20610200e-01 9.32247850e-01 8.11053005e-04],[8.93585978e-01 8.21344328e-01 9.32905561e-01 7.72236389e-04]
Random,Item,Split,1.0,0.7,[0.47155494 0.45100337 0.49231151],[0.40837693 0.33397723 0.48600169],[ 0.06317801 -0.01784418  0.14193909  0.00166146],[ 0.13354151 -0.0377607   0.29973566  0.00684769]
Random,Ideal,Split,1.0,0.7,[0.47211516 0.45255556 0.49160118],[0.99942864 0.99867313 1.        ],[-5.27313480e-01 -5.47286140e-01 -5.07679140e-01  1.02087311e-04],[-1.11786764 -1.20932368 -1.03344319  0.00202194]
Random,User,Split,1.0,0.7,[0.47190042 0.45132236 0.49183061],[0.10711415 0.06924134 0.18000697],[0.36478626 0.28745628 0.41109094 0.00099474],[0.7729164  0.61985236 0.85393746 0.00369162]
User,Ideal,Split,1.0,0.7,[0.13032643 0.06474166 0.22750776],[0.99940948 0.99863014 1.        ],[-0.86908305 -0.9344264  -0.77199056  0.00171708],[ -7.55806192 -14.43135551  -3.39325974   8.84046018]
User,Random,Split,1.0,0.7,[0.13015914 0.06244636 0.23478905],[0.47208557 0.4603537  0.48461749],[-0.34192643 -0.41199904 -0.23962953  0.00193352],[-3.08104567 -6.59207144 -1.0220956   2.1459957 ]
User,Item,Split,1.0,0.7,[0.13214147 0.06094276 0.22708633],[0.40802066 0.33039035 0.48216787],[-0.27587919 -0.3848525  -0.14024948  0.0038936 ],[-2.47696079 -6.01913248 -0.63415542  1.82623585]
Item,Ideal,Cluster,1.0,0.68,[0.88537142 0.71103395 0.96341975],[0.99941342 0.99857143 1.        ],[-0.114042   -0.28801144 -0.03537544  0.00415354],[-0.13616356 -0.40489218 -0.03671846  0.00975609]
Item,Random,Cluster,1.0,0.66,[0.54852833 0.42580232 0.65636304],[0.47262646 0.45990271 0.48494359],[ 0.07590186 -0.04647035  0.18525253  0.00349434],[ 0.12796743 -0.11072718  0.28081939  0.01002983]
Item,User,Cluster,1.0,0.64,[0.41989875 0.3026     0.53669246],[0.21037717 0.11966306 0.31769379],[0.20952158 0.08010036 0.34186348 0.00445908],[0.49371974 0.23051369 0.69789869 0.01483078]
Ideal,Item,Cluster,1.0,0.71,[0.99942338 0.99721965 1.        ],[0.70449788 0.5637224  0.86178872],[0.2949255  0.13804422 0.43612092 0.00578208],[0.29510879 0.1380467  0.43626865 0.0057386 ]
Ideal,Random,Cluster,1.0,0.67,[0.99938158 0.99721965 1.        ],[0.47231885 0.46118921 0.48481341],[5.27062730e-01 5.14263210e-01 5.38408330e-01 3.79390631e-05],[5.27387998e-01 5.14698123e-01 5.38574954e-01 3.88827123e-05]
Ideal,User,Cluster,1.0,0.71,[0.99940404 0.9973545  1.        ],[0.40729445 0.14484458 0.67420016],[0.59210959 0.32532305 0.85360781 0.01816202],[0.59250064 0.32538222 0.85493087 0.02153024]
Random,Item,Cluster,1.0,0.75,[0.47148529 0.45237103 0.49074588],[0.48408392 0.40827783 0.55812698],[-0.01259862 -0.09172784  0.06498539  0.00159823],[-0.02727699 -0.1971977   0.13826441  0.00758292]
Random,Ideal,Cluster,1.0,0.71,[0.47237837 0.45222009 0.49192408],[0.99940007 0.99857091 1.        ],[-5.2702170e-01 -5.4755298e-01 -5.0765120e-01  1.0361256e-04],[-1.11666904 -1.21053956 -1.03198015  0.00211485]
Random,User,Cluster,1.0,0.7,[0.4722361  0.45231036 0.49140179],[0.11071323 0.07974427 0.16590036],[0.36152287 0.30214326 0.39892098 0.00060951],[0.76536246 0.64869344 0.8307907  0.00213033]
User,Ideal,Cluster,1.0,0.73,[0.76568397 0.45984516 0.91341201],[0.99942215 0.99856592 1.        ],[-0.23373818 -0.53931409 -0.08626827  0.0133571 ],[-0.34481872 -1.17283417 -0.09444544  0.07850457]
User,Random,Cluster,1.0,0.68,[0.15635456 0.10276552 0.24526828],[0.47221427 0.45952264 0.48390208],[-0.31585972 -0.37289259 -0.22321198  0.001458  ],[-2.18870153 -3.57047321 -0.90670585  0.52673263]
User,Item,Cluster,1.0,0.67,[0.33771087 0.21140079 0.47283465],[0.43097444 0.35023948 0.50598071],[-0.09326357 -0.23203259  0.03898614  0.00477998],[-0.32668922 -1.05307295  0.08903581  0.08560653]
Item,Ideal,User-corpus,1.0,0.7,[0.22820388 0.16738295 0.29159272],[0.9930726  0.98982643 0.99589744],[-0.76486872 -0.82446356 -0.7022341   0.00091028],[-3.43135486 -4.92162201 -2.40695059  0.38303436]
Item,Random,User-corpus,1.0,0.7,[0.22820388 0.16738295 0.29159272],[0.45024158 0.43708584 0.46354546],[-0.22203769 -0.28501682 -0.1554973   0.00097703],[-1.00933041 -1.70063569 -0.53100961  0.08050006]
Item,User,User-corpus,1.0,0.7,[0.22820388 0.16738295 0.29159272],[0.09021858 0.05185185 0.15505557],[0.1379853  0.05207605 0.21587124 0.00171792],[0.59624252 0.24709032 0.79130097 0.01872374]
Ideal,Item,User-corpus,1.0,0.7,[0.94625692 0.92314352 0.96619565],[0.39317984 0.32286198 0.45700934],[0.55307708 0.48723413 0.6229373  0.00116646],[0.58451275 0.51619979 0.65640593 0.00128499]
Ideal,Random,User-corpus,1.0,0.7,[0.94625692 0.92314352 0.96619565],[0.45024158 0.43708584 0.46354546],[4.96015341e-01 4.69830157e-01 5.22634548e-01 1.96244076e-04],[5.24104961e-01 5.05653541e-01 5.43150141e-01 9.57276291e-05]
Ideal,User,User-corpus,1.0,0.7,[0.94625692 0.92314352 0.96619565],[0.09021858 0.05185185 0.15505557],[8.56038338e-01 7.90822573e-01 8.99951167e-01 7.82817940e-04],[9.04668348e-01 8.36739004e-01 9.44857235e-01 7.80202739e-04]
Random,Item,User-corpus,1.0,0.7,[0.36852842 0.33999306 0.39530556],[0.39317984 0.32286198 0.45700934],[-0.02465141 -0.0934335   0.04854788  0.00136137],[-0.0683497  -0.26502256  0.12860078  0.01025671]
Random,Ideal,User-corpus,1.0,0.7,[0.36852842 0.33999306 0.39530556],[0.9930726  0.98982643 0.99589744],[-6.24544181e-01 -6.53796989e-01 -5.96464125e-01  2.04403138e-04],[-1.69857945 -1.92054776 -1.50884981  0.01066965]
Random,User,User-corpus,1.0,0.7,[0.36852842 0.33999306 0.39530556],[0.09021858 0.05185185 0.15505557],[0.27830984 0.20857549 0.32678307 0.00091563],[0.75476939 0.57709244 0.85873149 0.00530905]
User,Ideal,User-corpus,1.0,0.7,[0.06675483 0.02962418 0.11805655],[0.9930726  0.98982643 0.99589744],[-9.26317773e-01 -9.64154183e-01 -8.75718463e-01  5.44184937e-04],[-16.00618085 -32.5547629   -7.4148116   47.94557612]
User,Random,User-corpus,1.0,0.7,[0.06675483 0.02962418 0.11805655],[0.45024158 0.43708584 0.46354546],[-0.38348674 -0.42456242 -0.3289267   0.00060871],[ -6.71230724 -14.23898173  -2.80684299   9.87825578]
User,Item,User-corpus,1.0,0.7,[0.06675483 0.02962418 0.11805655],[0.39317984 0.32286198 0.45700934],[-0.32642501 -0.40729153 -0.23314326  0.00197792],[ -5.76576329 -13.02173318  -2.15268619   8.46722651]
Item,Ideal,Naive,1.0,0.3,[0.90432723 0.80468873 0.95540079],[0.99944581 0.99814683 1.        ],[-0.09511858 -0.19398253 -0.04349066  0.00147385],[-0.10734766 -0.24106552 -0.04554495  0.00254056]
Item,Random,Naive,1.0,0.3,[0.46883465 0.40563104 0.53305726],[0.47246291 0.45147222 0.4918359 ],[-0.00362826 -0.07127718  0.0626689   0.00116758],[-0.01296934 -0.17708729  0.11815254  0.00596196]
Item,User,Naive,1.0,0.3,[0.42864016 0.35239707 0.49332153],[0.39268368 0.28332143 0.49811482],[ 0.03595649 -0.06634507  0.14031488  0.00277933],[ 0.08190647 -0.16055573  0.31896704  0.01478596]
Ideal,Item,Naive,1.0,0.3,[0.9994292  0.99864824 1.        ],[0.95717988 0.91988113 0.98248148],[0.04224932 0.01691838 0.07942864 0.00025429],[0.04227279 0.0169287  0.07945182 0.00024505]
Ideal,Random,Naive,1.0,0.3,[0.99942024 0.99864865 1.        ],[0.4723538  0.45213262 0.49148401],[5.27066440e-01 5.07919130e-01 5.47271560e-01 1.00779216e-04],[5.27372083e-01 5.08169917e-01 5.47665512e-01 9.78584189e-05]
Ideal,User,Naive,1.0,0.3,[0.99945569 0.99874552 1.        ],[0.9226447  0.85352844 0.96410354],[0.07681099 0.03556946 0.14600773 0.00079372],[0.07685286 0.03558038 0.14607549 0.00087874]
Random,Item,Naive,1.0,0.3,[0.47244713 0.46092887 0.48458575],[0.52923957 0.44860498 0.6129784 ],[-0.05679244 -0.1419006   0.02614996  0.00183784],[-0.12044939 -0.30082535  0.05489522  0.00873343]
Random,Ideal,Naive,1.0,0.3,[0.47234522 0.4596562  0.48499377],[0.99943812 0.99806733 1.        ],[-5.27092890e-01 -5.39690710e-01 -5.14221550e-01  4.22140587e-05],[-1.11630061e+00 -1.17306230e+00 -1.06082036e+00  8.39699822e-04]
Random,User,Naive,1.0,0.3,[0.47252981 0.46009245 0.48391573],[0.14945947 0.10246817 0.21865184],[0.32307034 0.25154613 0.36880168 0.00089474],[0.68366162 0.53822958 0.78308803 0.00385519]
User,Ideal,Naive,1.0,0.3,[0.45856364 0.16993545 0.78568277],[0.99939875 0.99794239 1.        ],[-0.54083512 -0.82956255 -0.2136212   0.02468918],[-1.56871844 -4.8816339  -0.27189275  1.48784933]
User,Random,Naive,1.0,0.3,[0.10711913 0.07840073 0.15525039],[0.4720035  0.45118643 0.49222306],[-0.36488437 -0.40004718 -0.31377054  0.00048441],[-3.53429323 -5.0215033  -2.05039165  0.56029899]
User,Item,Naive,1.0,0.3,[0.23801184 0.12962577 0.3582607 ],[0.39801503 0.29840278 0.49115171],[-0.16000319 -0.28408148 -0.04339     0.00377007],[-0.76161512 -1.9563651  -0.14404751  0.20757791]
Item,Ideal,Split,1.0,0.3,[0.41043608 0.33024962 0.47987982],[0.99940142 0.9978629  1.        ],[-0.58896534 -0.66929196 -0.51944181  0.00146131],[-1.4569336  -2.0270754  -1.08224695  0.05757544]
Item,Random,Split,1.0,0.3,[0.41052441 0.33091978 0.48060755],[0.47217963 0.45039616 0.49218107],[-0.06165523 -0.14211897  0.01159689  0.00153768],[-0.16022906 -0.42856249  0.02402802  0.01285786]
Item,User,Split,1.0,0.3,[0.4075468  0.33199895 0.47764882],[0.13185744 0.06253968 0.22685313],[0.27568936 0.14391261 0.38596748 0.0038129 ],[0.67155981 0.3881749  0.85166063 0.01444407]
Ideal,Item,Split,1.0,0.3,[0.9993932  0.99863237 1.        ],[0.30372294 0.20841238 0.40529762],[0.69567026 0.59377779 0.79062371 0.00252163],[0.69609253 0.5942381  0.79138522 0.00264725]
Ideal,Random,Split,1.0,0.3,[0.99940814 0.99863014 1.        ],[0.47238377 0.45242932 0.49178905],[5.27024370e-01 5.07473900e-01 5.47052070e-01 1.01938746e-04],[5.27336265e-01 5.07834431e-01 5.47289740e-01 1.04036451e-04]
Ideal,User,Split,1.0,0.3,[0.99943356 0.99871176 1.        ],[0.12872648 0.06413919 0.22610122],[0.87070708 0.77326116 0.93501065 0.0017026 ],[0.87120077 0.77379066 0.93580624 0.00184736]
Random,Item,Split,1.0,0.3,[0.47211085 0.4595216  0.48385755],[0.30545738 0.20858194 0.40603472],[0.16665348 0.06721143 0.26435451 0.00252925],[0.35280434 0.14280611 0.55603974 0.01130177]
Random,Ideal,Split,1.0,0.3,[0.47203965 0.45850694 0.48518519],[0.99941128 0.99794239 1.        ],[-5.27371630e-01 -5.41024370e-01 -5.13643260e-01  4.87899043e-05],[-1.11761865e+00 -1.18028369e+00 -1.06002970e+00  8.51040276e-04]
Random,User,Split,1.0,0.3,[0.47213119 0.45925397 0.48488995],[0.13102865 0.06523178 0.22703869],[0.34110254 0.24178541 0.40809834 0.00180003],[0.72239401 0.51784349 0.86166066 0.00880535]
User,Ideal,Split,1.0,0.3,[0.10646958 0.06876316 0.17260028],[0.99941582 0.99809496 1.        ],[-8.92946240e-01 -9.30804550e-01 -8.27114630e-01  6.99682392e-04],[ -8.93998117 -13.53661467  -4.79208438   5.19995552]
User,Random,Split,1.0,0.3,[0.10635153 0.06803653 0.17519172],[0.47204409 0.45185185 0.49167659],[-0.36569256 -0.41188109 -0.29440165  0.00089816],[-3.7124293  -5.93254635 -1.69562268  1.23200784]
User,Item,Split,1.0,0.3,[0.10697142 0.06837874 0.17745164],[0.30581036 0.20537265 0.41177646],[-0.19883894 -0.33141158 -0.07672698  0.00422117],[-2.04795028 -4.29388176 -0.53615848  0.93451707]
Item,Ideal,Cluster,1.0,0.3,[0.70499717 0.55539008 0.84981742],[0.99942915 0.99731772 1.        ],[-0.29443198 -0.4430623  -0.15015807  0.00558315],[-0.43417331 -0.79774985 -0.17669474  0.02474308]
Item,Random,Cluster,1.0,0.28,[0.48261047 0.39428679 0.5586651 ],[0.47230744 0.45185185 0.49296528],[ 0.01030304 -0.08307597  0.0867037   0.00187585],[ 0.01347673 -0.20614354  0.15747382  0.00880882]
Item,User,Cluster,1.0,0.28,[0.43279307 0.34601279 0.50411002],[0.34325097 0.20881493 0.47302175],[ 0.0895421  -0.03788889  0.23206061  0.00474234],[ 0.20389751 -0.0990618   0.51365656  0.02425788]
Ideal,Item,Cluster,1.0,0.25,[0.99942315 0.99852941 1.        ],[0.88026378 0.7075472  0.96354316],[0.11915937 0.03577056 0.29157914 0.00425851],[0.11922814 0.0357927  0.29183404 0.00476065]
Ideal,Random,Cluster,1.0,0.25,[0.99939396 0.99846142 1.        ],[0.4718909  0.45289841 0.49104285],[5.27503050e-01 5.08484050e-01 5.46955750e-01 9.63187019e-05],[5.27821948e-01 5.08798771e-01 5.47037679e-01 9.91106800e-05]
Ideal,User,Cluster,1.0,0.3,[0.99942153 0.99850746 1.        ],[0.77028804 0.4397076  0.91992083],[0.22913349 0.07964783 0.55953405 0.01498665],[0.22927257 0.0796822  0.55974795 0.0132672 ]
Random,Item,Cluster,1.0,0.31,[0.47187843 0.45996473 0.48347608],[0.55220598 0.43962654 0.65039057],[-0.08032756 -0.1794896   0.03807494  0.00308038],[-0.17052948 -0.38068931  0.08042948  0.01409185]
Random,Ideal,Cluster,1.0,0.28,[0.47242117 0.46027338 0.4845787 ],[0.99940085 0.99740556 1.        ],[-5.26979690e-01 -5.39615840e-01 -5.14256240e-01  4.18516577e-05],[-1.11587556e+00 -1.17236243e+00 -1.06264353e+00  8.32949047e-04]
Random,User,Cluster,1.0,0.34,[0.4721574  0.45936393 0.48412751],[0.15513168 0.10204321 0.24519935],[0.31702572 0.22143488 0.37401193 0.00151498],[0.6712843  0.47116224 0.78444465 0.00647712]
User,Ideal,Cluster,1.0,0.35,[0.4115482  0.15596128 0.67641034],[0.99942895 0.9972192  1.        ],[-0.58788075 -0.84360615 -0.32358966  0.01759795],[-1.84703169 -5.40926821 -0.47839338  1.7626706 ]
User,Random,Cluster,1.0,0.33,[0.11115195 0.07872875 0.1680513 ],[0.47195793 0.45243602 0.49074588],[-0.36080598 -0.39968993 -0.30230842  0.00061714],[-3.40349896 -5.0159002  -1.81079879  0.65777692]
User,Item,Cluster,1.0,0.24,[0.2088195  0.11817542 0.31513928],[0.41787878 0.30103246 0.53612787],[-0.20905928 -0.34315257 -0.08601921  0.00430274],[-1.11295588 -2.59499811 -0.30898837  0.33597573]
Item,Ideal,User-corpus,1.0,0.3,[0.3933505  0.32419638 0.46199989],[0.94652178 0.92264957 0.96636574],[-0.55317128 -0.62418599 -0.48619779  0.00124549],[-1.42578397 -1.91110496 -1.05784236  0.04867155]
Item,Random,User-corpus,1.0,0.3,[0.3933505  0.32419638 0.46199989],[0.36804017 0.34062918 0.39490741],[ 0.02531033 -0.05279281  0.10027664  0.00141579],[ 0.05664499 -0.15713438  0.21948863  0.00875793]
Item,User,User-corpus,1.0,0.3,[0.3933505  0.32419638 0.46199989],[0.06719637 0.02895986 0.12052083],[0.32615413 0.23570871 0.4127464  0.00198098],[0.82714245 0.6782415  0.93043699 0.00406309]
Ideal,Item,User-corpus,1.0,0.3,[0.99292384 0.98964826 0.99565323],[0.22693197 0.17152912 0.28687951],[0.76599187 0.7052597  0.82246656 0.00094412],[0.7714458  0.71061029 0.82715473 0.0009486 ]
Ideal,Random,User-corpus,1.0,0.3,[0.99292384 0.98964826 0.99565323],[0.36804017 0.34062918 0.39490741],[6.24883677e-01 5.97178137e-01 6.53447419e-01 2.01679319e-04],[6.29330588e-01 6.02350018e-01 6.57655182e-01 1.95545689e-04]
Ideal,User,User-corpus,1.0,0.3,[0.99292384 0.98964826 0.99565323],[0.06719637 0.02895986 0.12052083],[9.25727470e-01 8.72440716e-01 9.64267197e-01 5.50730607e-04],[9.32323134e-01 8.78426003e-01 9.70796835e-01 5.53483923e-04]
Random,Item,User-corpus,1.0,0.3,[0.45041714 0.43764484 0.46365289],[0.22693197 0.17152912 0.28687951],[0.22348517 0.16012549 0.28131378 0.00100675],[0.49599035 0.36117282 0.61988743 0.00474841]
Random,Ideal,User-corpus,1.0,0.3,[0.45041714 0.43764484 0.46365289],[0.94652178 0.92264957 0.96636574],[-4.96104640e-01 -5.23152543e-01 -4.65330870e-01  2.15562203e-04],[-1.10197468 -1.18632837 -1.01347283  0.00199203]
Random,User,User-corpus,1.0,0.3,[0.45041714 0.43764484 0.46365289],[0.06719637 0.02895986 0.12052083],[0.38322076 0.32740659 0.42371538 0.00059638],[0.85076166 0.73023943 0.93577135 0.00270828]
User,Ideal,User-corpus,1.0,0.3,[0.08998339 0.05180071 0.15269909],[0.94652178 0.92264957 0.96636574],[-8.56538391e-01 -9.01436722e-01 -7.89490246e-01  8.38221450e-04],[-10.41172422 -17.23561724  -5.16181842  10.23079071]
User,Random,User-corpus,1.0,0.3,[0.08998339 0.05180071 0.15269909],[0.36804017 0.34062918 0.39490741],[-0.27805678 -0.32652932 -0.20722737  0.00095124],[-3.44056097 -6.1155974  -1.39116462  1.60974905]
User,Item,User-corpus,1.0,0.3,[0.08998339 0.05180071 0.15269909],[0.22693197 0.17152912 0.28687951],[-0.13694858 -0.2129564  -0.05222917  0.00182295],[-1.74689743 -3.73496885 -0.38784194  0.80121548]
Item,Ideal,Naive,1.0,0.1,[0.67973704 0.5345493  0.83725903],[0.99942829 0.9962963  1.        ],[-0.31969125 -0.46452162 -0.16272305  0.00592737],[-0.49083775 -0.870562   -0.19435174  0.03186559]
Item,Random,Naive,1.0,0.1,[0.45611982 0.39204415 0.51429679],[0.47272482 0.43471528 0.50910173],[-0.016605   -0.08941312  0.05086492  0.00128058],[-0.04089872 -0.21893235  0.09980711  0.00648858]
Item,User,Naive,1.0,0.1,[0.44333897 0.37995046 0.50013901],[0.43572819 0.28033333 0.60310887],[ 0.00761077 -0.15124077  0.1656744   0.00653603],[ 0.01505931 -0.34634941  0.36695895  0.03257834]
Ideal,Item,Naive,1.0,0.1,[0.99942801 0.99879227 0.99987923],[0.96321283 0.90245791 0.9968254 ],[0.03621519 0.00275253 0.09717246 0.00058017],[0.03623574 0.00275509 0.09720839 0.00061076]
Ideal,Random,Naive,1.0,0.1,[0.99941687 0.99880526 0.9998779 ],[0.47246695 0.43423611 0.51111111],[5.26949920e-01 4.88214210e-01 5.65619420e-01 3.89913482e-04],[5.27257029e-01 4.88543819e-01 5.65701155e-01 3.51080606e-04]
Ideal,User,Naive,1.0,0.1,[0.99944213 0.9988764  0.99988053],[0.94597608 0.87106944 0.99028274],[0.05346604 0.00916465 0.1279525  0.00091827],[0.0534953  0.00916805 0.12807774 0.00099738]
Random,Item,Naive,1.0,0.1,[0.47250951 0.46193679 0.48271886],[0.62981645 0.49659179 0.76853632],[-0.15730694 -0.29693619 -0.02132702  0.00494328],[-0.33316483 -0.62951358 -0.04497884  0.02193905]
Random,Ideal,Naive,1.0,0.1,[0.47224307 0.46159182 0.48243502],[0.99945599 0.9962963  1.        ],[-5.27212910e-01 -5.38384390e-01 -5.16035540e-01  3.25041061e-05],[-1.11668556e+00 -1.16641623e+00 -1.06939764e+00  6.08081645e-04]
Random,User,Naive,1.0,0.1,[0.4724905  0.46221734 0.48350941],[0.21992201 0.15031863 0.32063988],[0.25256849 0.1545     0.32348157 0.00185826],[0.53447719 0.3197335  0.68472023 0.00810856]
User,Ideal,Naive,1.0,0.1,[0.14733748 0.08623115 0.30777823],[0.99936347 0.9962963  1.        ],[-0.85202599 -0.91304801 -0.69217904  0.00317466],[ -6.59083276 -10.59673685  -2.24896076   5.10984286]
User,Random,Naive,1.0,0.1,[0.1004525  0.07234555 0.14595913],[0.47233317 0.43555556 0.51111111],[-0.37188067 -0.41819225 -0.31356874  0.00071234],[-3.83255601 -5.47916333 -2.20285706  0.64321576]
User,Item,Naive,1.0,0.1,[0.12987389 0.08502898 0.21561587],[0.38812992 0.23456229 0.56768238],[-0.25825603 -0.44855289 -0.10148356  0.00783899],[-2.15869792 -4.56039587 -0.61396289  0.99974037]
Item,Ideal,Split,1.0,0.1,[0.43935123 0.37608586 0.49901203],[0.99941985 0.9962963  1.        ],[-0.56006862 -0.62297115 -0.49998765  0.00098429],[-1.28644082 -1.65648511 -1.00032895  0.02766512]
Item,Random,Split,1.0,0.1,[0.43925984 0.37168195 0.50051469],[0.4728098  0.43611111 0.51111111],[-0.03354995 -0.10674363  0.03786316  0.00136083],[-0.08201784 -0.27897172  0.07987584  0.00803102]
Item,User,Split,1.0,0.1,[0.44023707 0.37215507 0.49797103],[0.16473377 0.058875   0.32782407],[0.27550329 0.08597086 0.40154746 0.00648093],[0.62224862 0.21954708 0.86701364 0.02751837]
Ideal,Item,Split,1.0,0.1,[0.99940166 0.99877866 0.9998779 ],[0.23601067 0.13051389 0.37222222],[0.763391   0.62715741 0.86881342 0.00380035],[0.7638484  0.62754672 0.86933031 0.00413298]
Ideal,Random,Split,1.0,0.1,[0.99939964 0.99873737 0.9998779 ],[0.47261174 0.43491182 0.51111111],[5.26787900e-01 4.88407680e-01 5.64490480e-01 3.76704528e-04],[5.27104193e-01 4.88642817e-01 5.64828081e-01 3.62216956e-04]
Ideal,User,Split,1.0,0.1,[0.99943273 0.99886364 0.99988053],[0.16804065 0.06388258 0.32793981],[0.83139208 0.6714637  0.93549621 0.00453673],[0.83186279 0.67186142 0.93609346 0.00489347]
Random,Item,Split,1.0,0.1,[0.4720682  0.46092796 0.48266565],[0.2370578  0.13110494 0.38589782],[0.2350104  0.08908049 0.34432882 0.00423988],[0.4976053  0.18764685 0.72496811 0.01833017]
Random,Ideal,Split,1.0,0.1,[0.47215339 0.46174142 0.48321558],[0.99940504 0.9962963  1.        ],[-5.27251650e-01 -5.37594620e-01 -5.15576550e-01  3.15490555e-05],[-1.11696808e+00 -1.16336142e+00 -1.06637933e+00  5.85351114e-04]
Random,User,Split,1.0,0.1,[0.47195383 0.46098595 0.4821762 ],[0.16192937 0.06107323 0.30975694],[0.31002446 0.16581672 0.40845617 0.00383134],[0.65683279 0.34784717 0.87155272 0.01887775]
User,Ideal,Split,1.0,0.1,[0.10024434 0.07101312 0.15570244],[0.99941114 0.9962963  1.        ],[-8.99166790e-01 -9.28448650e-01 -8.42824070e-01  4.77116872e-04],[ -9.3142466  -13.081905    -5.41355703   3.26522823]
User,Random,Split,1.0,0.1,[0.10019083 0.07068524 0.15522441],[0.47184033 0.43888889 0.50953263],[-0.3716495  -0.4201277  -0.31610772  0.00070414],[-3.88945744 -5.68577934 -2.0960645   0.86398317]
User,Item,Split,1.0,0.1,[0.10063233 0.07133951 0.14951394],[0.23564859 0.12636806 0.36946047],[-0.13501626 -0.28174693 -0.01161052  0.00474891],[-1.436013   -3.27700946 -0.09343877  0.6742596 ]
Item,Ideal,Cluster,1.0,0.07,[0.54970579 0.44296756 0.6739784 ],[0.99940076 0.99444444 1.        ],[-0.44969496 -0.55386951 -0.3260216   0.00337845],[-0.84074585 -1.24634158 -0.48372718  0.04219892]
Item,Random,Cluster,1.0,0.06,[0.46135793 0.39349991 0.52223471],[0.47157771 0.43608796 0.50927778],[-0.01021977 -0.09135947  0.06358918  0.00156244],[-0.02800986 -0.23121754  0.12506585  0.00799198]
Item,User,Cluster,1.0,0.08,[0.44487406 0.37796631 0.50400007],[0.38791468 0.20546296 0.59633333],[ 0.05695938 -0.14295955  0.24933856  0.01001522],[ 0.12424893 -0.32967306  0.5335705   0.05540619]
Ideal,Item,Cluster,1.0,0.11,[0.99942403 0.99875084 0.99987926],[0.91820128 0.73587607 0.99524603],[0.08122275 0.0039612  0.26398664 0.00440007],[0.0812671  0.00396502 0.26402289 0.00454242]
Ideal,Random,Cluster,1.0,0.07,[0.9994028  0.99875084 1.        ],[0.4718485  0.43472222 0.50769231],[5.27554300e-01 4.91667030e-01 5.65160020e-01 3.51495443e-04],[5.27868789e-01 4.92046579e-01 5.65226581e-01 3.47984848e-04]
Ideal,User,Cluster,1.0,0.11,[0.99942179 0.99875156 0.99987923],[0.85986803 0.61186508 0.9857381 ],[0.13955376 0.01343519 0.38736619 0.00909936],[0.13963378 0.01344839 0.38766419 0.00943432]
Random,Item,Cluster,1.0,0.07,[0.47193779 0.46154782 0.48227528],[0.61718702 0.47676768 0.75559524],[-0.14524922 -0.2864205  -0.00122792  0.00529303],[-0.30818068 -0.60978598 -0.00258194  0.02748295]
Random,Ideal,Cluster,1.0,0.13,[0.47240821 0.46179775 0.4830362 ],[0.99925985 0.99305556 1.        ],[-5.26851640e-01 -5.37934420e-01 -5.14978120e-01  3.42950665e-05],[-1.11554153e+00 -1.16503265e+00 -1.06880168e+00  6.46634418e-04]
Random,User,Cluster,1.0,0.14,[0.47226308 0.4617823  0.48289804],[0.21510414 0.11666667 0.37948718],[0.25715893 0.09323094 0.35519549 0.00446594],[0.54434099 0.19545235 0.75154137 0.01943034]
User,Ideal,Cluster,1.0,0.13,[0.19583594 0.0845048  0.40614943],[0.9993601  0.99305556 1.        ],[-0.80352416 -0.91413769 -0.59385057  0.00667585],[ -5.45527955 -10.80828849  -1.46214823   8.45104579]
User,Random,Cluster,1.0,0.14,[0.10189656 0.07440464 0.14736104],[0.47103493 0.43456229 0.50555556],[-0.36913838 -0.41476009 -0.31319844  0.00067125],[-3.76493778 -5.35988696 -2.18063867  0.67727939]
User,Item,Cluster,1.0,0.06,[0.13463571 0.08076779 0.21471362],[0.4216183  0.21107143 0.60958486],[-0.28698259 -0.46891455 -0.09497962  0.00909955],[-2.30495029 -4.72815997 -0.66940176  1.11435244]
Item,Ideal,User-corpus,1.0,0.1,[0.43549673 0.39587093 0.46320139],[0.38022487 0.28738215 0.48330303],[ 0.05527186 -0.04444009  0.13586953  0.00456225],[ 0.12721381 -0.10768265  0.32104441  0.02438656]
Item,Random,User-corpus,1.0,0.1,[0.4225356  0.36589337 0.47774586],[0.20890812 0.16478632 0.24231481],[0.21362748 0.12811332 0.30989864 0.00298714],[0.49857124 0.34606985 0.6477445  0.00785273]
Item,User,User-corpus,1.0,0.1,[0.44497757 0.4041481  0.48957273],[0.04931538 0.01572811 0.08949074],[0.39566219 0.32101153 0.46752607 0.00185597],[0.88764465 0.78594549 0.96685332 0.00337704]
Ideal,Item,User-corpus,1.0,0.1,[0.99826668 0.99778865 0.99911833],[0.07061283 0.03905754 0.10771495],[9.27653851e-01 8.90740685e-01 9.58800688e-01 4.55609414e-04],[9.29267757e-01 8.92116521e-01 9.60858956e-01 4.62961919e-04]
Ideal,Random,User-corpus,1.0,0.1,[0.99827283 0.99762354 0.99906777],[0.20930197 0.18692842 0.22815527],[7.88970860e-01 7.69640685e-01 8.11618349e-01 2.17321157e-04],[7.90335808e-01 7.71339730e-01 8.12798803e-01 2.17823236e-04]
Ideal,User,User-corpus,1.0,0.1,[0.99815425 0.99721599 0.99882366],[0.0380762  0.01494444 0.07159407],[9.60078048e-01 9.26655541e-01 9.83255233e-01 3.72811894e-04],[9.61856767e-01 9.28279120e-01 9.85028045e-01 3.80452625e-04]
Random,Item,User-corpus,1.0,0.1,[0.4664368  0.45666442 0.4751357 ],[0.07839198 0.04013889 0.11      ],[0.38804482 0.35614993 0.41980829 0.00044398],[0.8321536  0.76402235 0.91225202 0.0023383 ]
Random,Ideal,User-corpus,1.0,0.1,[0.46419365 0.45717973 0.46834642],[0.34301503 0.26982906 0.39367759],[0.12117862 0.07161872 0.1971553  0.00181418],[0.26107346 0.15391471 0.42220261 0.00833994]
Random,User,User-corpus,1.0,0.1,[0.46822861 0.45928831 0.48118354],[0.03303477 0.01356313 0.05329167],[4.35193831e-01 4.13611111e-01 4.54930686e-01 1.90662572e-04],[9.29436918e-01 8.86083885e-01 9.70949561e-01 6.68092916e-04]
User,Ideal,User-corpus,1.0,0.1,[0.0927879  0.06428806 0.12715811],[0.38395062 0.30336034 0.47357407],[-0.29116271 -0.35318046 -0.21342274  0.00203602],[-3.29255805 -4.92911373 -1.96267083  0.81655964]
User,Random,User-corpus,1.0,0.1,[0.09461748 0.06095211 0.15544632],[0.21151703 0.17460069 0.26510417],[-0.11689955 -0.17391732 -0.06097801  0.00111082],[-1.42732236 -2.41502008 -0.48271275  0.47488372]
User,Item,User-corpus,1.0,0.1,[0.10296636 0.06623355 0.15207382],[0.07462983 0.03018519 0.1007209 ],[ 0.02833653 -0.01467859  0.07697059  0.00088473],[ 0.23956137 -0.18253633  0.72816707  0.07759149]
Item,Ideal,Naive,1.0,0.9,[0.96356691 0.9        0.99630556],[0.99944905 0.99881765 0.99988053],[-0.03588214 -0.0992777  -0.00323845  0.00060024],[-0.03796796 -0.11030855 -0.00325046  0.00079206]
Item,Random,Naive,1.0,0.9,[0.62931206 0.49505892 0.77040123],[0.47241286 0.46098148 0.48279846],[0.15689921 0.02332348 0.30091527 0.00501466],[0.24005262 0.04583532 0.38813112 0.00746524]
Item,User,Naive,1.0,0.9,[0.3905529  0.22357639 0.56672222],[0.13045676 0.08426915 0.22350314],[0.26009614 0.09683393 0.4354024  0.00745969],[0.65171608 0.36423618 0.81291848 0.01301889]
Ideal,Item,Naive,1.0,0.9,[0.99935218 0.99583333 1.        ],[0.67897176 0.52877075 0.83442662],[0.32038042 0.16520451 0.47122925 0.00609454],[0.32058975 0.16520451 0.47122925 0.00620265]
Ideal,Random,Naive,1.0,0.9,[0.99942893 0.9962963  1.        ],[0.47238543 0.46153704 0.48269108],[5.2704350e-01 5.1654040e-01 5.3807785e-01 3.0186755e-05],[5.27344249e-01 5.16990156e-01 5.38264099e-01 2.90126690e-05]
Ideal,User,Naive,1.0,0.9,[0.99946061 0.9968254  1.        ],[0.1485845  0.08782477 0.29363598],[0.85087612 0.70636402 0.91215281 0.00275595],[0.85133665 0.70636402 0.91217523 0.0033006 ]
Random,Item,Naive,1.0,0.9,[0.47295084 0.43555051 0.50864815],[0.45514449 0.38970699 0.51260745],[ 0.01780635 -0.0542399   0.09175477  0.00138708],[ 0.03613807 -0.12277287  0.18977073  0.00603441]
Random,Ideal,Naive,1.0,0.9,[0.47206454 0.43333333 0.51111111],[0.99941352 0.99880942 0.99987793],[-5.27348980e-01 -5.65842480e-01 -4.88255630e-01  3.91745581e-04],[-1.12072922 -1.30579034 -0.95528275  0.00774301]
Random,User,Naive,1.0,0.9,[0.47289893 0.43534933 0.50891358],[0.10032744 0.07411403 0.14120334],[0.37257149 0.32027592 0.41762278 0.0006167 ],[0.78755585 0.70088842 0.84524424 0.00137877]
User,Ideal,Naive,1.0,0.9,[0.94704559 0.86248843 0.99091414],[0.99940986 0.998779   0.9998779 ],[-0.05236427 -0.13690702 -0.00830138  0.00107634],[-0.0566265  -0.15873492 -0.00837591  0.00149216]
User,Random,Naive,1.0,0.9,[0.21947241 0.14722222 0.3145    ],[0.47211001 0.46048988 0.48309627],[-0.25263761 -0.32491313 -0.16040034  0.00176128],[-1.23120813 -2.23595866 -0.51049118  0.18796266]
User,Item,Naive,1.0,0.9,[0.43679396 0.28884921 0.58519841],[0.44515819 0.3787499  0.50525054],[-0.00836423 -0.15720777  0.14036448  0.00576252],[-0.052088   -0.50654236  0.25442162  0.04115635]
Item,Ideal,Split,1.0,0.9,[0.23936231 0.13029545 0.37642361],[0.99942599 0.99876543 0.99987923],[-0.76006367 -0.86932823 -0.62251043  0.00396443],[-3.50915409 -6.66729765 -1.65375038  1.75330013]
Item,Random,Split,1.0,0.9,[0.23698129 0.12222222 0.3944537 ],[0.47238106 0.46210382 0.48327778],[-0.23539978 -0.35000336 -0.0811303   0.0047046 ],[-1.17163164 -2.86317393 -0.20667049  0.48518328]
Item,User,Split,1.0,0.9,[0.23788424 0.12837963 0.38386364],[0.10024747 0.07234835 0.1493318 ],[0.13763677 0.01820098 0.28568031 0.00465595],[0.54376322 0.12939084 0.77617925 0.02729709]
Ideal,Item,Split,1.0,0.9,[0.99948814 0.99666319 1.        ],[0.43956563 0.37287998 0.50000631],[0.55992252 0.49958709 0.62706964 0.00105762],[0.56020923 0.49997399 0.62712002 0.00105254]
Ideal,Random,Split,1.0,0.9,[0.99939407 0.99628968 1.        ],[0.47209729 0.46164623 0.48326951],[5.27296780e-01 5.15384120e-01 5.38327700e-01 3.42570715e-05],[5.27615591e-01 5.16275016e-01 5.38327695e-01 3.10404603e-05]
Ideal,User,Split,1.0,0.9,[0.99944959 0.9962963  1.        ],[0.09991997 0.07027283 0.15008262],[8.99529620e-01 8.48473820e-01 9.29065860e-01 4.22680453e-04],[9.00024145e-01 8.49467734e-01 9.29682350e-01 3.73372586e-04]
Random,Item,Split,1.0,0.9,[0.47105504 0.43635732 0.50794643],[0.4370753  0.36775291 0.49803993],[ 0.03397974 -0.03817107  0.11152428  0.00145829],[ 0.07059914 -0.08376094  0.23211193  0.0067408 ]
Random,Ideal,Split,1.0,0.9,[0.47256101 0.43333333 0.50808712],[0.99942678 0.99880526 0.99987923],[-5.26865770e-01 -5.65974650e-01 -4.91034180e-01  3.65477538e-04],[-1.11834772 -1.30609534 -0.96622498  0.00737613]
Random,User,Split,1.0,0.9,[0.47137195 0.43444444 0.50686508],[0.10132509 0.07198068 0.15532242],[0.37004686 0.30607173 0.42105771 0.00086043],[0.78472804 0.67277466 0.84869654 0.00204373]
User,Ideal,Split,1.0,0.9,[0.16098572 0.0592284  0.31256944],[0.99941747 0.99876543 0.99987793],[-0.83843175 -0.94002076 -0.68682065  0.00417211],[ -6.47742405 -15.87130115  -2.19734406  13.52665282]
User,Random,Split,1.0,0.9,[0.16383543 0.05832562 0.31671296],[0.47210284 0.46221914 0.48261657],[-0.30826741 -0.41403957 -0.1559171   0.0043359 ],[-2.46411942 -7.15748868 -0.4920097   2.87720315]
User,Item,Split,1.0,0.9,[0.16410832 0.05888492 0.32597222],[0.44002137 0.37738952 0.50138365],[-0.27591305 -0.40608223 -0.09471252  0.00630929],[-2.25204474 -6.79526447 -0.33256552  2.87554082]
Item,Ideal,Cluster,1.0,0.89,[0.92251513 0.77219017 0.99444444],[0.99942139 0.99885057 0.99988056],[-0.07690626 -0.22732285 -0.00493519  0.00321847],[-0.08827743 -0.29438721 -0.00496276  0.00586055]
Item,Random,Cluster,1.0,0.89,[0.61627305 0.47777778 0.74607143],[0.47246932 0.4614199  0.4827957 ],[0.14380373 0.00330243 0.27436508 0.00478153],[0.22208391 0.00691299 0.36820513 0.00935801]
Item,User,Cluster,1.0,0.89,[0.42221951 0.21881349 0.62064374],[0.13629549 0.08445341 0.21913792],[0.28592401 0.09464713 0.47838301 0.00958281],[0.66070342 0.38652896 0.81930667 0.012783  ]
Ideal,Item,Cluster,1.0,0.93,[0.99935278 0.99305556 1.        ],[0.54802662 0.44135226 0.66669444],[0.45132616 0.33330556 0.55862082 0.00330376],[0.45164543 0.33330556 0.55864774 0.00364143]
Ideal,Random,Cluster,1.0,0.87,[0.99926553 0.99305556 1.        ],[0.47231301 0.46162405 0.48309304],[5.26952520e-01 5.15214860e-01 5.38058750e-01 3.39600238e-05],[5.27337584e-01 5.16605582e-01 5.38058748e-01 2.98803339e-05]
Ideal,User,Cluster,1.0,0.86,[0.9993101  0.99305556 1.        ],[0.19604671 0.08526268 0.40600211],[0.8032634  0.59399789 0.9132483  0.00663271],[0.80386922 0.59399789 0.91447889 0.0098476 ]
Random,Item,Cluster,1.0,0.94,[0.47178599 0.44074074 0.50598765],[0.46252624 0.38826872 0.52522123],[ 0.00925975 -0.06217172  0.08700704  0.00144824],[ 0.01821178 -0.13574557  0.17877678  0.0066766 ]
Random,Ideal,Cluster,1.0,0.89,[0.47173567 0.4361034  0.50427778],[0.99941021 0.99876543 0.99987926],[-5.2767454e-01 -5.6365036e-01 -4.9496056e-01  3.0705231e-04],[-1.1217386  -1.2927292  -0.98126882  0.00679784]
Random,User,Cluster,1.0,0.89,[0.47187607 0.43333333 0.50556624],[0.10160802 0.07241369 0.15633175],[0.37026805 0.30904014 0.41809436 0.00077395],[0.78424133 0.67001363 0.84901454 0.0017941 ]
User,Ideal,Cluster,1.0,0.92,[0.86152608 0.63168651 0.98333333],[0.99942727 0.99881797 0.99987923],[-0.13790119 -0.36778701 -0.01594858  0.00805591],[-0.17585103 -0.58223076 -0.0162189   0.0222496 ]
User,Random,Cluster,1.0,0.89,[0.21793397 0.12121212 0.36154321],[0.47252194 0.46207655 0.4828995 ],[-0.25458797 -0.35516002 -0.11190537  0.00385079],[-1.35360677 -2.92990083 -0.31142395  0.50123001]
User,Item,Cluster,1.0,0.92,[0.38666557 0.19625    0.57534259],[0.44511199 0.38045826 0.50688684],[-0.05844642 -0.25399718  0.1366084   0.00992898],[-0.23938907 -1.23110142  0.2384862   0.14423209]
Item,Ideal,User-corpus,1.0,0.9,[0.07830296 0.04788462 0.13805556],[0.99794769 0.99722    0.99848656],[-9.19644724e-01 -9.49806149e-01 -8.59773336e-01  8.10853961e-04],[-13.14451649 -20.02094218  -6.28809912  17.07644461]
Item,Random,User-corpus,1.0,0.9,[0.08418519 0.05611111 0.12236111],[0.46599515 0.45817776 0.47397262],[-3.81809967e-01 -4.05636956e-01 -3.46707428e-01  3.60994178e-04],[-4.86516339 -7.22097771 -2.8611643   1.92418339]
Item,User,User-corpus,1.0,0.9,[0.07288448 0.03284722 0.10825397],[0.10510266 0.08182002 0.14134231],[-0.03221818 -0.09264038  0.01432971  0.0009945 ],[-0.66604634 -2.3704202   0.13085039  0.63762875]
Ideal,Item,User-corpus,1.0,0.9,[0.37814518 0.34297348 0.44791667],[0.45994344 0.43477238 0.47421176],[-0.08179826 -0.11956978 -0.0148191   0.00097337],[-0.22341922 -0.34066989 -0.04021124  0.00771247]
Ideal,Random,User-corpus,1.0,0.9,[0.36278515 0.30730556 0.43261905],[0.46492172 0.45707925 0.47523579],[-0.10213656 -0.15838074 -0.03386193  0.00175793],[-0.29882084 -0.51551715 -0.0792296   0.02158993]
Ideal,User,User-corpus,1.0,0.9,[0.37267128 0.2927381  0.45795833],[0.09250333 0.07599116 0.11683951],[0.28016795 0.20684668 0.36798962 0.00358314],[0.74663351 0.68512015 0.81470177 0.00216496]
Random,Item,User-corpus,1.0,0.9,[0.2150922  0.18063692 0.26400155],[0.43408379 0.38318064 0.47173591],[-0.21899158 -0.28993421 -0.1724546   0.00165782],[-1.04717359 -1.60839903 -0.65648996  0.0880914 ]
Random,Ideal,User-corpus,1.0,0.9,[0.20946798 0.17748512 0.25295635],[0.99832784 0.99710239 0.9989221 ],[-7.88859854e-01 -8.21436982e-01 -7.44344851e-01  6.20196405e-04],[-3.82948031 -4.62921597 -2.94518568  0.29825538]
Random,User,User-corpus,1.0,0.9,[0.20390504 0.17699941 0.23721836],[0.08476951 0.06985833 0.11467452],[0.11913552 0.08059052 0.1497746  0.00046536],[0.58219548 0.4201297  0.66793856 0.0055638 ]
User,Ideal,User-corpus,1.0,0.9,[0.03792835 0.00917196 0.07814815],[0.99789725 0.99712859 0.99871296],[-9.59968896e-01 -9.88837003e-01 -9.19547478e-01  5.55078060e-04],[ -41.69778121 -111.59985337  -11.85679481 1076.36041456]
User,Random,User-corpus,1.0,0.9,[0.03732916 0.01120833 0.05840278],[0.46555225 0.45735004 0.47328752],[-4.28223090e-01 -4.53756566e-01 -4.05949063e-01  2.07220080e-04],[-16.91586787 -56.76769273  -7.02642442 304.38671095]
User,Item,User-corpus,1.0,0.9,[0.04061145 0.0188966  0.05672068],[0.43541481 0.38158797 0.48368042],[-0.39480336 -0.44273169 -0.34204025  0.00084677],[-11.35369081 -22.71255778  -6.89407769  28.83509704]
